Gene,logFC,P-value,Adj_P
ILMN_3289489,-0.4786021954803932,1.3834867311545223e-08,9.445993205042627e-05
ILMN_1694596,0.5233609281960776,1.4350160584948922e-08,9.445993205042627e-05
ILMN_1705201,-0.33845374338235246,2.5025346573570777e-08,0.00010981956254701976
ILMN_1654552,-0.276248468764706,3.387249687399764e-08,0.00011148285533654473
ILMN_1661343,0.5900603291470596,5.519521202721712e-08,0.0001453289932676627
ILMN_1728074,-0.24792613725490042,9.296853057318052e-08,0.00020398845083265357
ILMN_1700232,0.36190996408823484,1.4143720680354173e-07,0.00021614669644519363
ILMN_1660663,0.46218832743137206,1.3156755557866348e-07,0.00021614669644519363
ILMN_2282641,0.26172190379411653,1.477645475128555e-07,0.00021614669644519363
ILMN_1778401,0.25772498156862866,2.0563888827698665e-07,0.0002461123603787754
ILMN_1655414,0.511730482843137,2.0284587972357895e-07,0.0002461123603787754
ILMN_1693311,0.21701251373529473,3.488496222201357e-07,0.00038271710637734056
ILMN_1679025,-0.46334020961764644,5.846015996016592e-07,0.0005869938451699387
ILMN_1655935,-0.2535570733235293,6.688118251081717e-07,0.0005869938451699387
ILMN_1795243,-0.38047891578431425,6.493174318643644e-07,0.0005869938451699387
ILMN_1777296,0.2910432907549012,7.278201583241424e-07,0.0005988595240210833
ILMN_2373177,0.30851292744117664,8.915883124416076e-07,0.000604968837883488
ILMN_1738237,0.24367424694117723,8.052524537891575e-07,0.000604968837883488
ILMN_1719165,0.24423950464705912,9.190563431575966e-07,0.000604968837883488
ILMN_1796669,0.3525919282843133,8.699849163641284e-07,0.000604968837883488
ILMN_2401618,0.27692472684313696,9.953522281097523e-07,0.0006239910515745185
ILMN_1670801,-0.2712494889019599,1.309237520040327e-06,0.0006405226220627694
ILMN_1693421,-0.29333319506862754,1.3136430532240616e-06,0.0006405226220627694
ILMN_1757439,0.2839176944215689,1.2853758675543441e-06,0.0006405226220627694
ILMN_1749213,-0.3469542817549023,1.1709802813724961e-06,0.0006405226220627694
ILMN_3226392,-0.3281386341078445,1.1585753199097197e-06,0.0006405226220627694
ILMN_1746784,-0.3798631893921556,1.1349912240052826e-06,0.0006405226220627694
ILMN_1680692,-0.5239210753921588,1.5232560830309331e-06,0.0006686306819610588
ILMN_2168347,0.3693524980980394,1.4352525538590318e-06,0.0006686306819610588
ILMN_1754145,0.22812482272548973,1.5236551810734344e-06,0.0006686306819610588
ILMN_1798108,0.2703991022647063,1.7805588059393878e-06,0.0007561631187158723
ILMN_1800975,0.2248179428627468,2.0450923408326883e-06,0.0008158678990018892
ILMN_1654445,-0.35834556322549194,2.0417692543436766e-06,0.0008158678990018892
ILMN_1718907,-0.31623373075490324,2.330332770639937e-06,0.0009023185566316109
ILMN_1786176,0.2202508091274522,2.865793913626702e-06,0.0009928467598130403
ILMN_1697267,0.307955892499999,2.8591152433764454e-06,0.0009928467598130403
ILMN_1660359,0.21019474746078437,2.6587293363824834e-06,0.0009928467598130403
ILMN_1785060,0.25500256309804037,2.829966816665047e-06,0.0009928467598130403
ILMN_1712357,0.29928024445098256,2.999095103996189e-06,0.001009142026183087
ILMN_3276019,-0.43978281536274544,3.066136046131673e-06,0.001009142026183087
ILMN_2330243,-0.39136695547058675,3.3519583018364743e-06,0.0010582622820688135
ILMN_1656378,-0.4857367201568623,3.376150083318661e-06,0.0010582622820688135
ILMN_2368318,0.2235441017647073,3.6585909770350157e-06,0.0010946670502878632
ILMN_2330948,0.22811169177450896,3.610896755223004e-06,0.0010946670502878632
ILMN_1730799,0.2508912596176476,4.2926715538750156e-06,0.001190474816791135
ILMN_2043728,0.2611383348431362,4.340508257195175e-06,0.001190474816791135
ILMN_1676241,0.36002616822548905,4.190731712455844e-06,0.001190474816791135
ILMN_1771333,-0.24177525178431392,4.098727273415788e-06,0.001190474816791135
ILMN_3241834,-0.4540417051960759,4.480385205962385e-06,0.0012037606374794858
ILMN_3283449,-0.3727873367156871,4.5930080794670405e-06,0.0012093390273236718
ILMN_2324421,0.2563519340392162,4.807343174589734e-06,0.0012409543704602715
ILMN_1696591,0.2292998799705881,5.013028431208372e-06,0.0012691638326318888
ILMN_3245625,-0.3113786517058825,5.221579761380125e-06,0.0012730018066401732
ILMN_3290380,-0.2606806267450974,5.14941616369011e-06,0.0012730018066401732
ILMN_3241046,-0.4813177751078417,5.426254201867399e-06,0.001298847937592442
ILMN_1744822,0.17893871548039186,6.0420185507847105e-06,0.0013714340382944951
ILMN_1804148,-0.25812913626470646,5.969090520928798e-06,0.0013714340382944951
ILMN_1797813,-0.1667017893627456,5.9273698245791715e-06,0.0013714340382944951
ILMN_1726359,0.20831638904901695,6.7100179744667544e-06,0.0014972438412517769
ILMN_1720243,-0.22935830856862705,6.900247967897791e-06,0.0015140294082895737
ILMN_1711627,0.2599046030490211,7.026707045588425e-06,0.0015165016107405182
ILMN_1695079,-0.3346031600392161,7.364992538832851e-06,0.0015427476382080013
ILMN_1694075,0.389311831333333,7.382689039658495e-06,0.0015427476382080013
ILMN_3199974,-0.3986384166078425,7.510408453855367e-06,0.0015449144889844672
ILMN_3278004,0.34051456198039265,7.717241027121954e-06,0.0015630381249547775
ILMN_1773849,0.21420985662745018,8.077404918603458e-06,0.0016111975114153716
ILMN_2339284,0.27954298934313826,8.4472890526916e-06,0.0016598292593833568
ILMN_1671374,-0.22282336388235358,9.501053270203836e-06,0.001666444485441087
ILMN_1661174,-0.32876900529411657,8.82181463530738e-06,0.001666444485441087
ILMN_1671583,0.17298813232352828,8.914467267014364e-06,0.001666444485441087
ILMN_1740749,-0.29331071240196316,1.040095113969618e-05,0.001666444485441087
ILMN_1665557,0.35423216312745076,1.0088888261830159e-05,0.001666444485441087
ILMN_1724479,0.2771067943627461,9.406319485219727e-06,0.001666444485441087
ILMN_1742001,-0.6713565022549011,9.850701860978108e-06,0.001666444485441087
ILMN_2415786,-0.43721160245097757,9.934832840404494e-06,0.001666444485441087
ILMN_1708095,0.24008441565686134,1.023177664617436e-05,0.001666444485441087
ILMN_1720819,-0.17481423073529356,9.072553220811908e-06,0.001666444485441087
ILMN_2141452,-0.19406995000000116,9.10573217863989e-06,0.001666444485441087
ILMN_1672830,0.23740559899019686,1.0506258434607689e-05,0.001666444485441087
ILMN_1725130,-0.20868290278431623,1.0020573455965111e-05,0.001666444485441087
ILMN_2312732,0.20010488679411687,1.0370500606371763e-05,0.001666444485441087
ILMN_1733947,0.22257678766666622,9.552171610097358e-06,0.001666444485441087
ILMN_1676759,-0.2738556860098029,9.830369994319946e-06,0.001666444485441087
ILMN_3234784,-0.34114138465686317,1.1056831031593496e-05,0.0017328950063205757
ILMN_3272996,-0.15896734166666526,1.1189288522556277e-05,0.0017330233341112165
ILMN_1747759,0.39673143806862843,1.1518242535114683e-05,0.001742961643388331
ILMN_2409754,-0.3633328031862755,1.1488874681871223e-05,0.001742961643388331
ILMN_2183510,-0.23650809434313835,1.1680119080935508e-05,0.001747372360233136
ILMN_1670093,0.6936346896960783,1.2754003662326886e-05,0.0018865894181408253
ILMN_1777322,0.2855023046960774,1.2900276817896911e-05,0.0018870238256401427
ILMN_1804656,-0.23386432800000012,1.341988815598615e-05,0.0019414596436654688
ILMN_1726288,-0.24194112051960648,1.3597289850920951e-05,0.0019457426183410254
ILMN_1875123,-0.3461463221470584,1.4287604317253659e-05,0.0020010245833685576
ILMN_2130180,-0.41157207748039326,1.420537589087272e-05,0.0020010245833685576
ILMN_3211615,0.33757809078431356,1.4847502768075923e-05,0.002057551304649679
ILMN_2044471,-0.3902458671078435,1.5022436433436826e-05,0.002060108079647873
ILMN_1670561,-0.3302814040784323,1.5523064561522863e-05,0.00210681592734483
ILMN_1793522,0.17091368245097982,1.6084574088472575e-05,0.002138923412876176
ILMN_3274601,-0.17611289666666252,1.6004640385195174e-05,0.002138923412876176
ILMN_1673936,-0.22519455648039433,1.757634837030129e-05,0.002246831544642804
ILMN_2405233,-0.30075524386274566,1.715620926031888e-05,0.002246831544642804
ILMN_3179371,0.17672796423529213,1.757870483085521e-05,0.002246831544642804
ILMN_2147105,-0.3352232869117646,1.7363221322207336e-05,0.002246831544642804
ILMN_3242271,0.37134083985294275,1.79453639915628e-05,0.002250006828084993
ILMN_2324157,0.2107092644509807,1.781515510329465e-05,0.002250006828084993
ILMN_1797903,-0.25933956843137196,1.8337441140278858e-05,0.0022774755906770864
ILMN_1728298,-0.4689220287549025,1.8839522065679722e-05,0.002312338466280432
ILMN_1807540,0.26669802163725453,1.8999354532528463e-05,0.002312338466280432
ILMN_1758915,-0.20929380546078402,1.9145073514969015e-05,0.002312338466280432
ILMN_3292056,-0.3853300128725472,1.9349791193946687e-05,0.002315818191530074
ILMN_3230435,-0.22906556387254895,1.9807477842256044e-05,0.0023492382503900976
ILMN_2338323,-0.47997852539215735,2.0344465294083987e-05,0.0023702202265187228
ILMN_2362245,0.2969298415882342,2.0281147359026146e-05,0.0023702202265187228
ILMN_1757072,0.24589997671568575,2.1135851711393904e-05,0.0023987369636250064
ILMN_1685052,-0.2565735579117643,2.1053689508538203e-05,0.0023987369636250064
ILMN_1802257,0.32376279070588154,2.1008658173331943e-05,0.0023987369636250064
ILMN_1707943,0.28245612671568665,2.1632616790825295e-05,0.002422841145395722
ILMN_3243899,0.28323490265686235,2.1716312583113954e-05,0.002422841145395722
ILMN_1721977,-0.15876314873529207,2.2266387405131317e-05,0.0024633360520046536
ILMN_2225735,-0.20640926771568857,2.317460014907072e-05,0.0025134846708408888
ILMN_1716524,0.20572760686274982,2.3674295418478556e-05,0.0025134846708408888
ILMN_1737164,0.24664303036274537,2.3393686105678352e-05,0.0025134846708408888
ILMN_1678707,-0.4345343851960797,2.3673021078878198e-05,0.0025134846708408888
ILMN_3300471,-0.3256888679705874,2.3063256206876494e-05,0.0025134846708408888
ILMN_1685378,-0.32220371859803976,2.435537736033553e-05,0.002565108343590538
ILMN_1795826,0.23112698862745074,2.4916263707437184e-05,0.0026033540611778614
ILMN_1716468,0.3290154837843131,2.5978671677405048e-05,0.002691614151891563
ILMN_1773228,-0.29032768396078357,2.6169890728607676e-05,0.002691614151891563
ILMN_1691578,-0.2956051851470578,2.641324486704118e-05,0.0026955842532914507
ILMN_1730986,-0.245470562735294,2.6827207418626802e-05,0.0027167706589709376
ILMN_1726460,-0.4761798378235298,2.790971843953518e-05,0.002804820177530386
ILMN_1804248,-0.22530189568627357,3.010570546050559e-05,0.002968482246540037
ILMN_3281594,-0.2642789413725488,2.9773517267120228e-05,0.002968482246540037
ILMN_2192694,-0.24736553741176337,3.0214707256845038e-05,0.002968482246540037
ILMN_1736500,-0.12014431029411732,3.052174638060242e-05,0.0029764354896343027
ILMN_1710078,-0.29018964398039326,3.0788735177462945e-05,0.0029803948427301447
ILMN_1787370,0.18015000440196172,3.154172909900851e-05,0.0030089139454700774
ILMN_1747058,-0.23614886529411905,3.1769011653652924e-05,0.0030089139454700774
ILMN_1711573,-0.4244283887941176,3.173233375162646e-05,0.0030089139454700774
ILMN_3290100,-0.39418018277450884,3.219405799723542e-05,0.003027391239525745
ILMN_1669516,0.2285224125196077,3.248822970679006e-05,0.0030333868375169585
ILMN_3298215,-0.33261361281372714,3.316274412114513e-05,0.0030745600447526457
ILMN_1734288,0.215482514803921,3.340909066702371e-05,0.003075739011408162
ILMN_1664167,-0.2735598317156871,3.445724851564755e-05,0.0031482575473830332
ILMN_1679727,0.26930025558823445,3.51533505100878e-05,0.0031482575473830332
ILMN_1811102,0.18889909753921597,3.487602608144166e-05,0.0031482575473830332
ILMN_2195236,-0.21606585011765045,3.5023747331122055e-05,0.0031482575473830332
ILMN_1651628,0.32237889261764785,3.546176786318062e-05,0.0031544200940457623
ILMN_1652736,-0.34564638483333354,3.6022612283201816e-05,0.0031828032933446434
ILMN_3271122,-0.3236618068529413,3.639469658353971e-05,0.003191716017856789
ILMN_1751400,-0.4109166105980382,3.68508040041194e-05,0.003191716017856789
ILMN_2334587,-0.17187711110784232,3.6623482764438483e-05,0.003191716017856789
ILMN_3200597,-0.2683929942352945,3.878990393638324e-05,0.003337706440016244
ILMN_2319996,-0.13306076901960928,3.971076763012422e-05,0.003372853263552163
ILMN_3239925,-0.30965799654901893,3.946098382543547e-05,0.003372853263552163
ILMN_3192316,-0.3532934761176456,4.029194429873566e-05,0.0034002785044413776
ILMN_1781454,0.18474366311764712,4.086625207952532e-05,0.0034267783988977765
ILMN_1661173,0.1597454298235288,4.234947419717487e-05,0.0035286761253532097
ILMN_2375825,0.18289657012744875,4.28656166560412e-05,0.0035367658995107505
ILMN_2154566,-0.25541910509803856,4.315972856099032e-05,0.0035367658995107505
ILMN_1674243,-0.2676565054607831,4.3252511190370746e-05,0.0035367658995107505
ILMN_2096116,-0.23806759084313533,4.432701069475164e-05,0.0035482102991779303
ILMN_1760089,-0.29850096094117706,4.425046463540868e-05,0.0035482102991779303
ILMN_1721621,-0.2851035950294101,4.447054305843969e-05,0.0035482102991779303
ILMN_1659923,0.3487834427352947,4.4358315120567306e-05,0.0035482102991779303
ILMN_3289171,-0.39580569037254865,4.500246685110133e-05,0.003569020940329813
ILMN_2128967,-0.27245069438235436,4.597157405151512e-05,0.003602474835644027
ILMN_3287996,-0.22930752688235323,4.576364218331829e-05,0.003602474835644027
ILMN_1705151,-0.25409321076470803,4.652972225529843e-05,0.0036214709611514617
ILMN_1751561,0.3147706940392174,4.676415217590189e-05,0.0036214709611514617
ILMN_3233442,-0.3552293745392161,4.947038979531231e-05,0.0037317661339712573
ILMN_1652928,0.3670452696078432,4.960570250246639e-05,0.0037317661339712573
ILMN_1733248,-0.24632769939215482,4.907258907007485e-05,0.0037317661339712573
ILMN_1658995,0.29796495219607877,4.865110755133826e-05,0.0037317661339712573
ILMN_1773031,0.33817240873529464,4.912252541031909e-05,0.0037317661339712573
ILMN_1717420,0.2846103341568629,5.047742980603435e-05,0.0037757691102070583
ILMN_2339825,0.1648104993137247,5.102390502408884e-05,0.003795083105322766
ILMN_1815039,-0.1555087409705891,5.1465337990137806e-05,0.0038064110934840686
ILMN_1758798,-0.26454364096078553,5.1761589265141735e-05,0.0038069347635507874
ILMN_3241051,-0.3336276475098039,5.2361077768997645e-05,0.003808472866457757
ILMN_3225591,-0.33966786053921716,5.235264546659853e-05,0.003808472866457757
ILMN_1710906,0.2632986168137261,5.4360575480285565e-05,0.003908563545617186
ILMN_2193325,-0.38710679998039144,5.474030821363427e-05,0.003908563545617186
ILMN_1686194,-0.2140342179117658,5.440678774686656e-05,0.003908563545617186
ILMN_1795561,0.3480814014705871,5.4924744089569275e-05,0.003908563545617186
ILMN_2055781,-0.5119560624215689,5.62727444347691e-05,0.003982960647762017
ILMN_3307926,0.17022428646078502,5.805583264777176e-05,0.004002799408765588
ILMN_1717197,-0.4083280963039213,5.74316095987681e-05,0.004002799408765588
ILMN_1865764,-0.2653069463333333,5.7567646344743216e-05,0.004002799408765588
ILMN_3290199,-0.21160081068627257,5.807327664825122e-05,0.004002799408765588
ILMN_3213531,-0.22137014254902,5.737486468237248e-05,0.004002799408765588
ILMN_1707631,-0.20995966885294148,5.9232724371898474e-05,0.004061452168521059
ILMN_3289100,-0.3305056085588234,5.9807892287641274e-05,0.004068916405405494
ILMN_1677466,0.30271848600980356,6.018109108538521e-05,0.004068916405405494
ILMN_1806713,0.20655221688235326,6.026879597828115e-05,0.004068916405405494
ILMN_1753782,-0.2875730068529423,6.112653978178963e-05,0.004083186053586316
ILMN_1742521,0.1818040666764702,6.198012424979397e-05,0.004083186053586316
ILMN_2157951,0.2244358307352945,6.126431379586236e-05,0.004083186053586316
ILMN_1772261,-0.1383617772156871,6.182643928285002e-05,0.004083186053586316
ILMN_1793732,-0.2368786733039201,6.203093131160374e-05,0.004083186053586316
ILMN_2171461,0.2992700548529408,6.324376198353079e-05,0.004121802606500905
ILMN_2412927,-0.16860171317647055,6.321728331016813e-05,0.004121802606500905
ILMN_1739985,0.3945052070784296,6.412481492709225e-05,0.004158636396626451
ILMN_1804798,-0.324286415745096,6.533923264676973e-05,0.00416100454227502
ILMN_1677085,0.21098705855882294,6.508019831375572e-05,0.00416100454227502
ILMN_3290497,-0.1834597085294103,6.482606611284009e-05,0.00416100454227502
ILMN_2338452,0.26540509604901885,6.542559363850582e-05,0.00416100454227502
ILMN_1676408,0.37304846300980365,6.593076200588926e-05,0.004172973470228519
ILMN_1795944,0.3417136615490186,6.629983455726945e-05,0.004173103622403872
ILMN_1684789,-0.16398795643137287,6.688377245174455e-05,0.004173103622403872
ILMN_1772627,-0.6139237680294123,6.682552358026414e-05,0.004173103622403872
ILMN_1723141,0.2938770675882356,6.902359790814065e-05,0.004265250390672039
ILMN_1793549,-0.340954085303923,6.933259275380298e-05,0.004265250390672039
ILMN_1743966,-0.27464779345098034,6.87880369597527e-05,0.004265250390672039
ILMN_1666553,-0.21678903749019618,7.05935265504957e-05,0.004322622218778027
ILMN_2401769,-0.2518956861470585,7.133250775076731e-05,0.00434765029879098
ILMN_1786893,0.12581822584313684,7.350981486461039e-05,0.004453011015709142
ILMN_1716014,-0.3283320824313716,7.373766816745865e-05,0.004453011015709142
ILMN_1740466,0.26204489962744937,7.46385759838787e-05,0.0044868349444190095
ILMN_3201365,-0.362131323343136,7.656993445111946e-05,0.0045612813893619346
ILMN_1734316,0.14741030440196035,7.628799578597941e-05,0.0045612813893619346
ILMN_1891944,0.3999913327745084,7.883915465470524e-05,0.004630359250609709
ILMN_1686805,0.21811497389215795,7.902182170394221e-05,0.004630359250609709
ILMN_2412549,-0.23947970304901922,7.91364095242829e-05,0.004630359250609709
ILMN_1795158,0.20533160818627394,7.83757142454708e-05,0.004630359250609709
ILMN_1768391,-0.32702122504902054,7.979467190918663e-05,0.004648216175594876
ILMN_3228294,-0.2577716314117655,8.175623066250955e-05,0.004741501218819111
ILMN_1692199,0.22033330420588193,8.292007644584023e-05,0.004787907045655643
ILMN_1685258,-0.20863092277451045,8.3845961190539e-05,0.004820227419534698
ILMN_1915188,-0.3070144962549022,8.53479228410682e-05,0.004843126742252857
ILMN_3235013,-0.3583029084215674,8.52261183495689e-05,0.004843126742252857
ILMN_1810488,0.16787271885294075,8.481111276666264e-05,0.004843126742252857
ILMN_1796423,-0.41909159709803934,8.667470019072543e-05,0.004857310734889266
ILMN_1788742,-0.28846564882352865,8.786872604281019e-05,0.004857310734889266
ILMN_1797988,-0.47796317755882267,8.773560404657652e-05,0.004857310734889266
ILMN_2243308,0.2586766033529404,8.818057467820239e-05,0.004857310734889266
ILMN_1677262,-0.30278920333333126,8.760641581831832e-05,0.004857310734889266
ILMN_1768814,0.22855191672549058,8.796402612724074e-05,0.004857310734889266
ILMN_1799516,-0.23230032064705775,8.600373620933207e-05,0.004857310734889266
ILMN_3280019,-0.29832929991176727,8.910319961306253e-05,0.004887681762108201
ILMN_1744604,0.21756656885294134,9.022230161700087e-05,0.004894978953394893
ILMN_2175465,-0.18775015773529624,8.970134382562765e-05,0.004894978953394893
ILMN_3294222,-0.3929179042647082,9.035168140333908e-05,0.004894978953394893
ILMN_2347949,0.17151417594117646,9.10879256073981e-05,0.004914641559923754
ILMN_3200484,-0.23901206650000173,9.229746082162329e-05,0.004959575802925186
ILMN_3275345,-0.2757510295196095,9.467840635742514e-05,0.005028291352421925
ILMN_1665219,-0.3137812664313726,9.472208548428692e-05,0.005028291352421925
ILMN_2191568,-0.2067942699999996,9.403524081519136e-05,0.005028291352421925
ILMN_2038773,0.14350603656862582,9.513375524511349e-05,0.005029863003220559
ILMN_3195253,-0.34455191876470437,9.558410831289014e-05,0.005033459143756794
ILMN_1753712,0.2313060142058827,9.692345170993013e-05,0.005083654349646335
ILMN_2297864,0.24876322612745172,9.781984141708184e-05,0.0051103103660947715
ILMN_3251728,0.2553375861078431,9.826660173996341e-05,0.005113358940342365
ILMN_1651228,-0.2918829945098018,0.00010004664473912337,0.005144976867150622
ILMN_3178406,-0.21613700955882376,9.972890502081876e-05,0.005144976867150622
ILMN_1674983,-0.3454165530588238,9.962235683811177e-05,0.005144976867150622
ILMN_1659659,-0.2795863718235303,0.0001004773414852071,0.005147020236002924
ILMN_2075927,0.2588115283333323,0.00010142229937820306,0.005175289036100943
ILMN_3306215,-0.34570473037254956,0.00010225718508664274,0.005197744562415643
ILMN_1661196,0.29664968495098076,0.00010441823429178304,0.005265788716624106
ILMN_1754220,-0.18204839418627294,0.00010586788011447099,0.005265788716624106
ILMN_1674064,-0.19110213366666606,0.00010599574704940282,0.005265788716624106
ILMN_2395204,-0.16143805567647185,0.00010411452099783994,0.005265788716624106
ILMN_3279675,-0.3296516127058844,0.00010572437954206228,0.005265788716624106
ILMN_3193623,-0.37401253034313786,0.00010547307974081136,0.005265788716624106
ILMN_1794165,0.2760394601960776,0.00010648508163565118,0.0052702109012531875
ILMN_2403228,0.8244630005490174,0.00010738389076792052,0.005294789969886418
ILMN_1739441,-0.18888551769607975,0.00010788514661769165,0.005299656549335487
ILMN_1693039,0.16145023907843203,0.00011042830655414088,0.0053844024288343135
ILMN_1658144,-0.2281584928431375,0.00011003389586875722,0.0053844024288343135
ILMN_1795856,0.26196240999019693,0.00011108732846173305,0.005396548631729578
ILMN_1795228,0.13446281785294367,0.00011562602977818442,0.005555535335875174
ILMN_3283664,-0.2429361796764713,0.00011521708995750678,0.005555535335875174
ILMN_1811330,-0.2764951994509808,0.00011483045037279266,0.005555535335875174
ILMN_1797298,0.16059634572549086,0.00011889549377657847,0.005643831297485385
ILMN_1805481,-0.29087209410784265,0.00011917851125719232,0.005643831297485385
ILMN_1807981,-0.25641028254901954,0.00011916626330370964,0.005643831297485385
ILMN_1815054,0.5218681166176471,0.00011898235690257956,0.005643831297485385
ILMN_2048982,-0.3364083854901976,0.00012015812092620794,0.0056698267454965146
ILMN_1668179,0.20790066476470548,0.00012198956516539228,0.005715587519870169
ILMN_3292008,-0.3039881163627447,0.00012199620912142175,0.005715587519870169
ILMN_1740523,-0.23666673242156921,0.0001232081755010136,0.005733062311802291
ILMN_1751051,0.2195485257058829,0.00012324015451880353,0.005733062311802291
ILMN_2316236,-0.4072046006862733,0.00012371115716896085,0.005734709099047076
ILMN_1654778,0.30721505835294227,0.00012481685671680455,0.005765662872549936
ILMN_1728684,-0.22357484494117763,0.0001264721008836437,0.005801411875028465
ILMN_1772998,-0.31214916011764693,0.00012620928307551267,0.005801411875028465
ILMN_2343097,-0.3564191540588224,0.00012837541290999395,0.0058682719130558
ILMN_1703370,0.25735425091176456,0.0001288774552485145,0.005870836326459147
ILMN_1694711,0.23538456800980256,0.00012979958779909954,0.005892453701293605
ILMN_2379967,0.5828581605588248,0.0001305731308081156,0.0059072002305458485
ILMN_2402272,-0.26076090107843264,0.00013120695361481085,0.0059155463847225505
ILMN_2396991,-0.29395578326470506,0.00013293740974111462,0.005973109212429263
ILMN_3243859,-0.2398319299705891,0.000135199547986049,0.005973977470939578
ILMN_1814011,-0.2870662269803912,0.00013512638891217938,0.005973977470939578
ILMN_1727073,-0.14772899146078533,0.00013396575649332883,0.005973977470939578
ILMN_1663538,-0.36179344499019717,0.00013522330577337015,0.005973977470939578
ILMN_2300970,-0.20427197909803674,0.00013522561992707896,0.005973977470939578
ILMN_1791754,0.369041808421569,0.00013590223306738123,0.005983788957632355
ILMN_1697348,-0.19973687242156934,0.0001371619633704966,0.00601912415924196
ILMN_3206132,-0.34683040190195946,0.00013960722763068286,0.006106076916139335
ILMN_1787345,-0.28254037204902094,0.00014104997376440193,0.00611125321752461
ILMN_1708143,0.2000354454215687,0.00014090776954426074,0.00611125321752461
ILMN_2358277,-0.13188203652941155,0.0001411181905148106,0.00611125321752461
ILMN_1801610,0.3005733048921573,0.00014227505429549394,0.00613000853653494
ILMN_1869913,0.4370752312843136,0.0001424825379551608,0.00613000853653494
ILMN_1803772,0.17173968118627503,0.000144168110384932,0.006167680734169108
ILMN_1696839,-0.23568795401960685,0.00014429515124375885,0.006167680734169108
ILMN_1695991,-0.31403546607843236,0.0001458615586775391,0.006201341271481407
ILMN_1689097,-0.20715073008823737,0.0001460247469927259,0.006201341271481407
ILMN_2149566,0.14779923449019705,0.00014771621171498495,0.006253002981439797
ILMN_1658016,-0.34054518950000023,0.00014912630926394577,0.0062924610944225835
ILMN_3207738,-0.3571292874019587,0.0001500362991297052,0.00631063219821907
ILMN_3278170,0.26131599560784213,0.00015116883602118452,0.006338018236365905
ILMN_2330267,-0.23754133843137293,0.00015165113046761456,0.006338054389225859
ILMN_1799134,-0.4347529896568645,0.00015565672142604046,0.006373553230822437
ILMN_2049536,-0.2026382310098045,0.00015670186626329637,0.006373553230822437
ILMN_1800197,-0.19293926847058795,0.00015521954775230177,0.006373553230822437
ILMN_3248324,0.4159954219705879,0.00015329630879880232,0.006373553230822437
ILMN_1815303,-0.1769892591274509,0.00015427004009442268,0.006373553230822437
ILMN_1774890,-0.20380200900000212,0.00015606288405440585,0.006373553230822437
ILMN_1657423,0.19466531878431415,0.00015582780290728524,0.006373553230822437
ILMN_1798612,0.3701023386568627,0.00015541984818081414,0.006373553230822437
ILMN_1665761,-0.4240050525196084,0.00015685767161310063,0.006373553230822437
ILMN_1753243,-0.13704311920588275,0.00015745289472256729,0.006378053412377226
ILMN_2342066,0.28825286728431365,0.00015825887830415498,0.006391037217405523
ILMN_1770765,-0.35589199451960774,0.00016087681780777135,0.006437517648751702
ILMN_1660426,-0.20210735284313763,0.00016073257404712298,0.006437517648751702
ILMN_1755741,0.4587455997254901,0.0001601530885978141,0.006437517648751702
ILMN_1651987,-0.3575667847156847,0.0001624368901704988,0.006480247451801868
ILMN_1736180,0.3926431108627453,0.00016404227252516144,0.006524521201793808
ILMN_1659405,-0.29243810407843185,0.0001649693157790183,0.006541629645273422
ILMN_1677906,-0.2959611089117651,0.00016577452994178684,0.006553818878929801
ILMN_2141453,-0.16664297980392107,0.00016909877307815318,0.006665225591538583
ILMN_1723520,0.29238066294117804,0.0001703211274367133,0.006688243108557407
ILMN_1682857,-0.23587759639215555,0.00017069879866884078,0.006688243108557407
ILMN_1809013,0.16451249382352806,0.00017179490521096227,0.0066986409929450175
ILMN_1765941,0.47554953180392223,0.00017330118385541586,0.0066986409929450175
ILMN_1771003,0.3426934287647079,0.00017332629318978393,0.0066986409929450175
ILMN_1809963,-0.2559502442647066,0.0001733956256847573,0.0066986409929450175
ILMN_1772286,-0.3523629023725503,0.00017350828549899362,0.0066986409929450175
ILMN_1656292,-0.29671526415686067,0.00017461320358487124,0.0067026035765544905
ILMN_3310840,0.38033599740196156,0.000175553618464676,0.0067026035765544905
ILMN_2053546,-0.26690272738235343,0.00017526263002332626,0.0067026035765544905
ILMN_1779071,-0.41237184248039105,0.00017564741617252558,0.0067026035765544905
ILMN_1751072,-0.22801841412745194,0.00018135056408384934,0.006791995793185926
ILMN_3248379,0.23464424686274654,0.00018088289750194916,0.006791995793185926
ILMN_1765258,0.18057930470588168,0.00018017144597098168,0.006791995793185926
ILMN_1709891,-0.2308114944313724,0.0001786278597114773,0.006791995793185926
ILMN_2216582,0.20846747881372885,0.00018211731978690708,0.006791995793185926
ILMN_1712400,-0.1963827670490197,0.000180756795352014,0.006791995793185926
ILMN_1751264,0.2809232349019606,0.00018189219294810615,0.006791995793185926
ILMN_2400143,-0.2007699345490197,0.00017997123692339701,0.006791995793185926
ILMN_1789005,0.10729953098039324,0.00018346465757063818,0.006818242917824427
ILMN_1664608,0.2366266307745093,0.00018385691119085997,0.006818242917824427
ILMN_1691053,-0.37942053551960697,0.00018446283882368625,0.006821497958184914
ILMN_1783695,-0.2116688420784314,0.0001876617098310652,0.006920354089428497
ILMN_1700257,0.2121788724901963,0.0001903657900230937,0.006952124516951622
ILMN_2312194,-0.22843822079411602,0.00019055739426069665,0.006952124516951622
ILMN_2059357,-0.7643683323333335,0.0001906355450527562,0.006952124516951622
ILMN_1789059,0.1880896485882344,0.00019059563315892124,0.006952124516951622
ILMN_3299407,-0.2561557673725492,0.00019313988120629665,0.007023995956024573
ILMN_1783231,-0.2959534234901966,0.0001944097303820852,0.007050700001322732
ILMN_1760303,-0.23265448937255329,0.00019578951923555,0.00706183293352333
ILMN_2365091,0.632630582470588,0.00019571619663499715,0.00706183293352333
ILMN_2307025,0.20042478654901963,0.00019794693619279265,0.007120140478082282
ILMN_2142815,-0.2355932066666675,0.00020032955668365348,0.007186208756785554
ILMN_2352131,-0.33528697129411755,0.00020283357857940406,0.007256261038037648
ILMN_3214256,-0.3058000198431374,0.0002038946298271806,0.007274452037059166
ILMN_1760620,0.22368546167647185,0.0002096892891908717,0.0073346830566241375
ILMN_1773764,-0.24949931297058825,0.00021045650493424346,0.0073346830566241375
ILMN_1787461,-0.32529441558823535,0.0002085555365364697,0.0073346830566241375
ILMN_1678037,-0.239582320323529,0.00021059705244237935,0.0073346830566241375
ILMN_1684943,-0.421069136245098,0.00020801901264951155,0.0073346830566241375
ILMN_1687785,-0.18972208085294096,0.00020817024604683453,0.0073346830566241375
ILMN_1699521,-0.32658481441176335,0.00020643311121562312,0.0073346830566241375
ILMN_2338785,-0.21497963039215406,0.00020987725344276254,0.0073346830566241375
ILMN_3282174,-0.30351540612745254,0.0002069759308764623,0.0073346830566241375
ILMN_2260991,0.37135251296078486,0.0002112369604826637,0.00733755827111944
ILMN_1726064,-0.17481728140196218,0.00021186296911560937,0.007339936811597361
ILMN_2093231,-0.14650811480392179,0.0002127220960369351,0.007350357990357613
ILMN_1735432,-0.1720957593725494,0.00021537670756826085,0.007355568284964313
ILMN_1671404,0.26159888449019775,0.0002143257483650352,0.007355568284964313
ILMN_2324998,-0.17935278604901939,0.00021513397650397116,0.007355568284964313
ILMN_1811063,-0.24992207725490267,0.0002156664913024098,0.007355568284964313
ILMN_1761486,-0.23845528911764724,0.00021445165949143894,0.007355568284964313
ILMN_1757467,0.41303125079411807,0.0002183550368498166,0.0073953119199520675
ILMN_3301440,-0.23869883227450828,0.00021851700242015603,0.0073953119199520675
ILMN_3212833,-0.2705527820882381,0.0002185051594041283,0.0073953119199520675
ILMN_1786242,-0.2904350838627465,0.0002207217452587981,0.007450773785466863
ILMN_1813938,-0.16756786975490368,0.00022154297245578842,0.007459368880768426
ILMN_1678032,0.20547313570588344,0.00022217861500859653,0.007461687414765748
ILMN_1763144,0.1781518774215689,0.00022281441652942098,0.007463999474834166
ILMN_1688089,-0.2895179118039213,0.00022426501823213308,0.007474554341838056
ILMN_1740512,-0.2697351065294109,0.00022372111450080578,0.007474554341838056
ILMN_2122103,-0.32047994609803787,0.00022817506940284572,0.007585668658304201
ILMN_2055165,0.10780431591176232,0.00023074501225419118,0.00765178359276178
ILMN_1755234,0.24624873100980427,0.00023356403473124494,0.007708867360292235
ILMN_1680403,-0.21166910698039132,0.00023363752956753528,0.007708867360292235
ILMN_1680850,-0.174796602558823,0.0002386472438699263,0.007834646872543378
ILMN_3306977,0.27703404331372594,0.00023923877157490774,0.007834646872543378
ILMN_1696046,-0.19581290970588316,0.00023928591357015943,0.007834646872543378
ILMN_2153787,-0.21896899790196134,0.00023983005618192035,0.007834646872543378
ILMN_1704554,-0.31312557915686234,0.00024172546538230936,0.007877019187520056
ILMN_2215656,-0.18219788955882343,0.00024443862282393233,0.007945764122165602
ILMN_1695246,0.45481385340196123,0.0002454845865971263,0.00796010980923933
ILMN_1738921,0.1459495458431368,0.0002465424934957897,0.007974771319095998
ILMN_2145997,-0.2665297066372547,0.00024901741118923764,0.007997679071988359
ILMN_1768470,-0.18970604374509836,0.00024907318036575975,0.007997679071988359
ILMN_2331163,-0.21038368946078467,0.00024810595587659184,0.007997679071988359
ILMN_1793950,0.2359700534117657,0.0002503015661620826,0.008017567198354785
ILMN_1790062,0.14812648988235377,0.0002528646063996304,0.008080006172939644
ILMN_2175894,-0.2168125291372549,0.0002542547261691459,0.008085177463808711
ILMN_1809866,-0.2374443847647063,0.00025379135530956596,0.008085177463808711
ILMN_1828754,-0.19855109917647074,0.00025528685400502986,0.008098437187894502
ILMN_1767365,0.25896283572549095,0.0002569711433906108,0.008118225652812063
ILMN_3243943,0.3723942916372551,0.00025714394965610564,0.008118225652812063
ILMN_1716441,-0.2556418918039203,0.00025853250463548456,0.008132319803061634
ILMN_1681670,-0.22690267782353057,0.00025882582586272875,0.008132319803061634
ILMN_1832879,0.3534563397549011,0.0002604517483153713,0.00816392206326634
ILMN_1781580,0.23749719180392148,0.0002625658817117354,0.008210640932862225
ILMN_3276209,-0.3162807460490207,0.00026692824757132796,0.008287996177538991
ILMN_1748916,-0.18879015497058926,0.0002664437407304868,0.008287996177538991
ILMN_1724658,-0.26285864025490113,0.00026596160878577504,0.008287996177538991
ILMN_1666049,0.2570689890882356,0.00026879422682795327,0.008304491594520114
ILMN_2374159,0.13457547438235284,0.0002693519111933224,0.008304491594520114
ILMN_1869109,-0.2288259715686296,0.000268436978215304,0.008304491594520114
ILMN_3227529,-0.31993932412745085,0.0002702149846469028,0.008311636151580551
ILMN_1775243,-0.2942759653333358,0.0002718259204413343,0.008322298238628293
ILMN_1676799,0.17583771602941134,0.0002715406268333582,0.008322298238628293
ILMN_1732967,0.2068952149999994,0.0002735200618926509,0.008354736925328884
ILMN_1670895,-0.16625816324510012,0.00027593214451131307,0.008374702832008944
ILMN_2359710,0.29647147489215664,0.0002771229927471328,0.008374702832008944
ILMN_3225121,-0.2835644532549013,0.00027483849972601313,0.008374702832008944
ILMN_1741985,0.19445884489215803,0.00027735438167534373,0.008374702832008944
ILMN_1674038,0.26743907927451094,0.0002766742440893981,0.008374702832008944
ILMN_1798212,-0.2093704192254897,0.00027957939540807565,0.008422569200337108
ILMN_1652906,0.24801341829411871,0.00028167768382811054,0.008447588765781026
ILMN_1685521,-0.4352833831568619,0.00028169323723341213,0.008447588765781026
ILMN_1716983,0.24245953196078496,0.00028363093532405995,0.008451778164407377
ILMN_2326071,0.13537815519607754,0.00028334478568272265,0.008451778164407377
ILMN_1809951,0.3276542946078447,0.0002844008907582581,0.008451778164407377
ILMN_1669210,-0.3142007533725488,0.00028392931939422525,0.008451778164407377
ILMN_1764323,-0.2150822695490202,0.0002879404078743454,0.008500992994412157
ILMN_1725079,-0.16043106604901958,0.0002879941417020754,0.008500992994412157
ILMN_1802251,0.1770424776078432,0.0002875318331003678,0.008500992994412157
ILMN_1790692,-0.45981355255882583,0.00028890203387157916,0.008508714263801655
ILMN_1689445,-0.2356316462254906,0.00029142026612195094,0.008563722775659562
ILMN_1672755,-0.1830507300980404,0.00029238216935717205,0.00857285358482666
ILMN_2115340,0.2940307283235297,0.000294780783646821,0.008623975592689775
ILMN_1715702,0.17648289700980335,0.0002990359863978407,0.008709753895857462
ILMN_1900661,-0.21436052990196153,0.00029856352081260827,0.008709753895857462
ILMN_1911677,-0.3762573660784314,0.00030139223600877355,0.008727565984685368
ILMN_1745256,-0.26218199187254854,0.00030153152334043204,0.008727565984685368
ILMN_1673933,-0.2212496345588244,0.00030163634812243386,0.008727565984685368
ILMN_2353633,0.32680613800000025,0.00030258968335309365,0.008735949959086574
ILMN_1692785,0.316754064107843,0.00030347610873106344,0.008742369740578666
ILMN_2274420,0.2035666307549029,0.0003055235116318021,0.008763000066737853
ILMN_1766762,0.21129563071568658,0.00030552135003298275,0.008763000066737853
ILMN_3182069,0.29243409846078405,0.00030752934498336427,0.008763255036160152
ILMN_1771139,-0.25747707790196284,0.00030728686262271657,0.008763255036160152
ILMN_1736548,-0.18537129006862685,0.00030641934681006027,0.008763255036160152
ILMN_1690252,-0.18090908160784291,0.0003134229362642208,0.008896545909320779
ILMN_1791149,-0.14528610446078272,0.0003135584733706678,0.008896545909320779
ILMN_1781560,0.2512879278235287,0.0003153697029550181,0.008927321976519492
ILMN_1739450,0.14258764400000246,0.000315999395446873,0.008927321976519492
ILMN_1755303,0.23859297236274557,0.0003170944484831079,0.008939075833576265
ILMN_3289352,-0.35747465048039295,0.0003204030939367964,0.009013048571961378
ILMN_1758658,0.2520377979117656,0.0003261404374419135,0.009076266838605617
ILMN_2188204,-0.12056562810784399,0.00032740323496133233,0.009076266838605617
ILMN_1700159,0.2096440936372561,0.00032527370470688627,0.009076266838605617
ILMN_1692545,-0.2511694072254915,0.0003241091158769745,0.009076266838605617
ILMN_2246894,-0.19184976342156723,0.0003254091510138892,0.009076266838605617
ILMN_1790603,-0.17452129518627402,0.0003265783117975009,0.009076266838605617
ILMN_3208014,-0.27891174325490287,0.00032747639562002794,0.009076266838605617
ILMN_1756139,-0.22078532691176544,0.00033104579285226754,0.00915591988004223
ILMN_1754315,-0.18968327239215643,0.0003341521511876558,0.009222459267055531
ILMN_1673363,0.19919642637254853,0.00033524196136916175,0.009233180797960282
ILMN_1693009,0.19777718568627733,0.0003397470200087856,0.00929889712768329
ILMN_1788538,-0.345787243450979,0.00033973045753004456,0.00929889712768329
ILMN_2276952,0.45161339850980475,0.0003385526873061423,0.00929889712768329
ILMN_1704619,-0.12287222399019626,0.00034048151569135893,0.009299666294765021
ILMN_2292178,0.7117830504411771,0.00034243349991805954,0.009314332699217467
ILMN_1750969,0.1698664650490187,0.0003420749050476225,0.009314332699217467
ILMN_1677843,0.19014890541176577,0.00034430066021761454,0.009326580641491555
ILMN_1860084,-0.22125252799999906,0.0003438639006410545,0.009326580641491555
ILMN_3188984,0.2155047492549027,0.00034568153593972936,0.00934084386962154
ILMN_1799488,-0.17747106462745332,0.00034695576545726797,0.00934084386962154
ILMN_3280020,-0.3650153726568641,0.00034649879254231676,0.00934084386962154
ILMN_1761113,-0.19089207832352884,0.00035144333787546334,0.00942311923244496
ILMN_2199022,0.15240189671568505,0.0003507584214593108,0.00942311923244496
ILMN_1711073,-0.1723102676470578,0.00035344845700233964,0.00945761978950366
ILMN_1787529,0.4692834308235305,0.00035616040601788685,0.009478606336608433
ILMN_3288755,0.25814444179411744,0.000356392718315319,0.009478606336608433
ILMN_1788604,0.18264164566666885,0.00035626527443259176,0.009478606336608433
ILMN_1651949,0.1890101628627452,0.00035767529111403935,0.009493538724831307
ILMN_1652754,-0.26802720189215634,0.0003590224368267578,0.009505151891658539
ILMN_2214278,0.2782905978137258,0.00035973674364903004,0.009505151891658539
ILMN_2390821,-0.21394565958823364,0.000360278829771182,0.009505151891658539
ILMN_1670841,0.2089690264607844,0.0003627552144881665,0.009551344797473424
ILMN_1662331,-0.1908599047549,0.0003642370120155342,0.00955885232958102
ILMN_1752478,-0.2760705106666652,0.00036481796580413374,0.00955885232958102
ILMN_1680436,0.34680126389215715,0.00036521858881726193,0.00955885232958102
ILMN_1661306,-0.22697572196078397,0.00036850883183238024,0.009568873315726402
ILMN_1732071,0.37638780413725303,0.0003663960178085345,0.009568873315726402
ILMN_1762712,0.1934793967450954,0.00036798554032016413,0.009568873315726402
ILMN_1721575,0.22113369723529352,0.0003680681075420901,0.009568873315726402
ILMN_1780189,-0.20840250267646887,0.0003707081540637834,0.009607033165845883
ILMN_1789702,0.20624166124509813,0.0003736628287478795,0.009620665752811407
ILMN_3226291,-0.316252347803923,0.0003753949656264398,0.009620665752811407
ILMN_1746265,-0.2580537554901965,0.00037561885278731964,0.009620665752811407
ILMN_2325837,-0.40466725052941044,0.0003738583475629838,0.009620665752811407
ILMN_1796146,0.30469920636274406,0.00037517221329988807,0.009620665752811407
ILMN_1703926,-0.3026817687745105,0.00037279600517292996,0.009620665752811407
ILMN_2062714,-0.38342437354901904,0.00037868955076953944,0.009654955273754148
ILMN_3262031,-0.1452763493627458,0.0003778821908392831,0.009654955273754148
ILMN_1748124,0.25533917245097904,0.0003791577574273372,0.009654955273754148
ILMN_2246956,-0.2813932698235302,0.0003824033678355959,0.009659910403994238
ILMN_3248928,-0.19235417893137186,0.00038322074925999257,0.009659910403994238
ILMN_1666208,0.1788524491470591,0.00038309620204419337,0.009659910403994238
ILMN_3267760,-0.2982899767352958,0.00038375489109677074,0.009659910403994238
ILMN_1772369,-0.15286427251960877,0.0003829363419320724,0.009659910403994238
ILMN_1733259,0.462343780166667,0.00038327231979484234,0.009659910403994238
ILMN_1764414,0.296763339686275,0.00039012240989866044,0.009801453294495924
ILMN_1713749,0.1736127255196056,0.0003914120970706463,0.009805644053867291
ILMN_3211132,-0.26384057543137374,0.0003917788661096996,0.009805644053867291
ILMN_1672687,-0.22368319100980294,0.0003964332052692767,0.009903307680019029
ILMN_1769779,0.3179330235980391,0.00039760803198053766,0.009913844206484428
ILMN_1749612,-0.20091122922549154,0.00040090048090327276,0.009977041268604131
ILMN_1690561,-0.4102861870784311,0.00040198744317731237,0.009979376678006361
ILMN_1767111,0.220683081676472,0.000402510369618031,0.009979376678006361
ILMN_1685088,-0.26242765686274616,0.00040803212501638024,0.009984652278514212
ILMN_1834842,0.3284059685686298,0.0004059299609187081,0.009984652278514212
ILMN_1777721,0.1218756342254892,0.0004075578690228052,0.009984652278514212
ILMN_1781198,0.31574783436274423,0.0004080047889561902,0.009984652278514212
ILMN_1743711,-0.17543188869607906,0.0004064274700558259,0.009984652278514212
ILMN_1663220,-0.202826791558822,0.0004068715284838293,0.009984652278514212
ILMN_1705663,0.23538204187254852,0.0004078566989031021,0.009984652278514212
ILMN_1714444,-0.31335252616666587,0.0004098629241002543,0.010010844890129588
ILMN_2402168,-0.22764752398039256,0.0004107354984813392,0.010013579328716353
ILMN_1760714,-0.19562390539215713,0.00041303730986079354,0.010051083519995096
ILMN_1797893,-0.2511275367058827,0.0004139001533033961,0.010053497266124003
ILMN_1719205,-0.2530621493235312,0.000415740107163735,0.010079592100940279
ILMN_1795419,0.15247346588235455,0.000418448503568206,0.010126607627712192
ILMN_1803744,-0.1557877753725485,0.0004212870700956318,0.010139386248279694
ILMN_1815719,0.15906301910784215,0.00042017131530264993,0.010139386248279694
ILMN_3294335,-0.20599762265686117,0.0004205635396459837,0.010139386248279694
ILMN_2203950,0.16145354578431537,0.0004235457159765251,0.010156655814578015
ILMN_1679382,-0.1831753145098043,0.0004235475915080388,0.010156655814578015
ILMN_2097793,-0.24278198061764744,0.00043094437255799303,0.010188085525241999
ILMN_1651964,0.2893069030392148,0.000427146099629898,0.010188085525241999
ILMN_1726222,0.23897341107843495,0.0004299036816406992,0.010188085525241999
ILMN_1724295,-0.2806580498235274,0.0004272164153737978,0.010188085525241999
ILMN_2070300,-0.19700159719607768,0.00043104926984882593,0.010188085525241999
ILMN_1815292,-0.31750547319607847,0.00042965962749614444,0.010188085525241999
ILMN_1744147,-0.1796523194901951,0.00043025842262703833,0.010188085525241999
ILMN_2133360,-0.08569380843137431,0.0004281159260752647,0.010188085525241999
ILMN_1736863,0.42797185784313463,0.00043263117747559303,0.010207149554598893
ILMN_2261416,-0.40304074933333567,0.000433942683242906,0.01021977714649885
ILMN_3279219,-0.20788406255882386,0.0004387951847014054,0.010315604654632146
ILMN_3222974,0.18401071356862797,0.00044047073842172014,0.010336537025529316
ILMN_3266944,-0.2965878371862738,0.00044125606342531904,0.010336541058708765
ILMN_1747223,-0.13619452229411788,0.0004421851922124737,0.01033990773619399
ILMN_1784320,0.239115922029411,0.0004458658959103158,0.01040749028308388
ILMN_1793287,-0.2936807782843145,0.0004515275670188872,0.010502403568557686
ILMN_1692473,-0.24349269422549025,0.00045114137333104453,0.010502403568557686
ILMN_1671843,0.2541011127156869,0.0004555066791936748,0.010576270602442204
ILMN_1723874,-0.1667734494313713,0.00045751965895793285,0.010580774289644362
ILMN_1718424,-0.21406079808823542,0.0004581117618759807,0.010580774289644362
ILMN_2148507,-0.19110766716666738,0.0004575089731668376,0.010580774289644362
ILMN_1667840,0.21417907544117565,0.00045915709631791824,0.010586345311778272
ILMN_1734544,0.2697368970588254,0.00046011492506442184,0.010589882846980966
ILMN_1652085,-0.19912876639215593,0.00046230925138382087,0.010617282975878753
ILMN_1732216,-0.17976046328431394,0.0004649090747925554,0.010617282975878753
ILMN_1783843,0.22642487578431325,0.0004653378106404892,0.010617282975878753
ILMN_1748432,-0.18512599199019597,0.0004641561375088313,0.010617282975878753
ILMN_1769634,-0.19549144831372622,0.00046454041236081893,0.010617282975878753
ILMN_1735367,0.23307501598038982,0.00046877440512551883,0.010658747916195952
ILMN_2354140,-0.19112567651960877,0.00046828861276735327,0.010658747916195952
ILMN_1884193,0.31977259783333345,0.0004701407483979211,0.010671384401135572
ILMN_1728662,0.32314484178431346,0.0004710956582777174,0.010674654632058777
ILMN_1682081,0.32922135624509696,0.0004719546274378762,0.010675743419621374
ILMN_2329927,0.44481400103921587,0.00047483869767962213,0.010722558241770541
ILMN_3200299,-0.2339579766666695,0.0004763292442781089,0.010737798802947437
ILMN_1713006,0.23159708461764694,0.00047720681727810103,0.010739192734130256
ILMN_1763568,-0.1874015298333349,0.00048254016549090727,0.010745238537816774
ILMN_1700628,-0.2159675505294114,0.0004792767147783571,0.010745238537816774
ILMN_3191695,-0.2091948509705892,0.00048275793140287475,0.010745238537816774
ILMN_3209180,0.25715622566666685,0.00048188991011537076,0.010745238537816774
ILMN_1792176,0.1812497284509802,0.0004831888503142826,0.010745238537816774
ILMN_1789999,-0.1776484467450974,0.000478532810271202,0.010745238537816774
ILMN_3288717,0.27217520954902064,0.0004805903144516367,0.010745238537816774
ILMN_1727001,-0.1744807928627461,0.0004847900727618518,0.010761861854453172
ILMN_3257430,-0.19568272556862798,0.00048638874313707844,0.010761861854453172
ILMN_1773485,0.24206935901960858,0.00048589863693348996,0.010761861854453172
ILMN_1744240,-0.24357416256862585,0.0004872463299783733,0.010762748211686718
ILMN_1795822,-0.24220064988235102,0.0004885029886537701,0.010772431902222586
ILMN_1654268,0.304422533235293,0.0004899464384855324,0.010786195422511764
ILMN_1798827,0.2835182314509801,0.0004969605376824491,0.010922346374940639
ILMN_3283470,-0.3149452004019624,0.000500311298760464,0.010923048504446947
ILMN_1772605,0.19337315367646912,0.0004997994512072073,0.010923048504446947
ILMN_1767422,-0.173746816450981,0.0005000121166616305,0.010923048504446947
ILMN_1729495,0.11141290623529532,0.0005001919542729423,0.010923048504446947
ILMN_2386982,0.20876284071568563,0.0005057587441242275,0.011023698454297112
ILMN_2103919,-0.315028134009804,0.0005083854429965345,0.01106263530090806
ILMN_1705753,-0.20489354686274464,0.0005115847267428388,0.011091677949419855
ILMN_2072178,0.5070379327058827,0.0005122476409606739,0.011091677949419855
ILMN_3236680,-0.31192620792156855,0.0005108982820136833,0.011091677949419855
ILMN_1692219,0.22526450972549306,0.000514086680731185,0.011107043601164842
ILMN_1683447,-0.268490105127448,0.0005146446332480482,0.011107043601164842
ILMN_2184373,-0.9288873624705865,0.0005170814652237746,0.01112316583279574
ILMN_1689156,-0.16847807991176467,0.0005170056031121399,0.01112316583279574
ILMN_1658464,-0.20237894671568846,0.0005203334421771075,0.01117486095638111
ILMN_2408415,-0.3300021416274532,0.0005229523242821603,0.0112128132722714
ILMN_1715863,0.31785362063725486,0.0005274624211974009,0.011291126463518346
ILMN_1813256,0.2524854251176478,0.0005291743507031307,0.011309383647738175
ILMN_2389013,0.11442387574509905,0.0005313533767045155,0.011310934004970647
ILMN_1676088,0.2628697370392157,0.0005361202293278909,0.011310934004970647
ILMN_3238078,-0.312187206598038,0.0005345650516185303,0.011310934004970647
ILMN_1736048,0.27162043770587996,0.0005353170644510281,0.011310934004970647
ILMN_1652955,-0.22638822758823984,0.0005321545860413725,0.011310934004970647
ILMN_1805535,0.25508662581372565,0.0005331376409808745,0.011310934004970647
ILMN_3237396,-0.2095149997549015,0.0005348198674032323,0.011310934004970647
ILMN_2097546,-0.15690451411764883,0.0005342591126123856,0.011310934004970647
ILMN_1799815,-0.17698051784313584,0.0005387624741162951,0.011322180137183172
ILMN_1714197,0.1471204443921561,0.0005383863164223842,0.011322180137183172
ILMN_1676924,-0.33405739201960927,0.0005392333418924306,0.011322180137183172
ILMN_2402805,0.2573955646568624,0.0005413427097798495,0.011344633187331803
ILMN_3244117,-0.3935264429509804,0.0005420261507657959,0.011344633187331803
ILMN_1669394,-0.21591233308823554,0.0005498679081742587,0.011490493668435103
ILMN_1663142,0.6626378413921561,0.0005507600767115863,0.011490897638523031
ILMN_1657697,-0.16743275311764538,0.000552037365000863,0.011499322642779052
ILMN_1794677,-0.22774113669607754,0.0005550950339417923,0.01150838759345464
ILMN_1790909,0.23445181497059053,0.0005542672539170687,0.01150838759345464
ILMN_1770245,0.25838920919607755,0.000554149708139739,0.01150838759345464
ILMN_1733703,-0.18496151162745278,0.0005567808902773231,0.011525189340410313
ILMN_2374076,0.19025824349019516,0.0005665252935939604,0.011708485855831221
ILMN_1785179,-0.251471221539215,0.0005701199435262933,0.011727545400818206
ILMN_3229570,-0.2958033010294123,0.0005697058081215215,0.011727545400818206
ILMN_1780756,0.1979568264313727,0.0005686244527997812,0.011727545400818206
ILMN_2149494,0.29392399635294275,0.0005722115420714258,0.011752207412434199
ILMN_3219764,-0.3125888412843132,0.0005752240669328262,0.011795677322695727
ILMN_1763364,-0.23326423886274483,0.0005766442851194724,0.0118064105965752
ILMN_1652790,0.2885561584803922,0.0005851822882128244,0.011944069495072611
ILMN_1698231,0.31711299951960914,0.0005845928614232282,0.011944069495072611
ILMN_1709334,0.21252735167647074,0.0005871605232769922,0.011947400755705724
ILMN_1776314,0.21185143447058774,0.0005870463878044919,0.011947400755705724
ILMN_3259712,-0.17947265339215512,0.0005936488805089343,0.012023673095230955
ILMN_1799744,0.16889309411764764,0.0005919725472621287,0.012023673095230955
ILMN_1741264,-0.21292679010784266,0.0005928133428466766,0.012023673095230955
ILMN_1655608,0.18007971342156903,0.0005961063144306466,0.01205489958445386
ILMN_1778478,-0.24197481317646918,0.0005978774689456625,0.012064860113915853
ILMN_2069446,0.14653475325490373,0.0006032431094844965,0.012064860113915853
ILMN_1664798,-0.21603946975490107,0.000604065837618733,0.012064860113915853
ILMN_1759563,0.20810630083333415,0.0006050351877343159,0.012064860113915853
ILMN_1726698,0.23299648058823585,0.000606638699189034,0.012064860113915853
ILMN_1718132,-0.16807833455882193,0.0005986316776266457,0.012064860113915853
ILMN_1699931,-0.21279621389215642,0.0006028042490707501,0.012064860113915853
ILMN_1705743,0.3444362205588236,0.0006029945083170112,0.012064860113915853
ILMN_2208802,-0.22679006491176512,0.000599985684046477,0.012064860113915853
ILMN_1815639,-0.19327033798039217,0.0006022888303055025,0.012064860113915853
ILMN_1688452,-0.1502420675000007,0.0006066796350484082,0.012064860113915853
ILMN_1719392,-0.1971077284999989,0.0006083281028119133,0.012068440004184668
ILMN_1716797,0.22046318149019584,0.0006105264749553353,0.012068440004184668
ILMN_3299558,-0.1802501028039245,0.0006090046890870935,0.012068440004184668
ILMN_1709204,0.21307473710784386,0.0006104691803321146,0.012068440004184668
ILMN_2139816,0.2571302195294116,0.0006115819758870776,0.012071179479090519
ILMN_3216336,-0.25524627098039154,0.0006142974330332573,0.012106625308207834
ILMN_1797031,0.24032137744117588,0.0006161164131368228,0.012124323735345699
ILMN_1790757,-0.18111196653921624,0.0006176786661844304,0.012136924836295563
ILMN_1768958,-0.37508262724509933,0.0006188600008042709,0.0121375918283481
ILMN_2335604,-0.32674276417647174,0.0006195565293315551,0.0121375918283481
ILMN_1728132,-0.3355790838529398,0.0006255772123635708,0.012148995141686558
ILMN_1726805,0.3339464675882349,0.0006217910399489785,0.012148995141686558
ILMN_1809344,0.22128982181372603,0.0006248613824196592,0.012148995141686558
ILMN_1770811,0.2641905777941176,0.0006256545816763505,0.012148995141686558
ILMN_1675669,-0.19650941628431262,0.0006239729055251842,0.012148995141686558
ILMN_1733983,-0.36610101684313623,0.0006256755568601205,0.012148995141686558
ILMN_3290261,-0.18769519472548968,0.0006275639398179902,0.012149822452505649
ILMN_3290353,-0.22494981210784104,0.000626902464570762,0.012149822452505649
ILMN_1665859,0.24839128655882448,0.0006287191267120111,0.012154313220504592
ILMN_3299478,-0.2798602832254904,0.0006312811387574045,0.012168105698010585
ILMN_2193233,-0.4013611421568628,0.000631106138911597,0.012168105698010585
ILMN_2316806,-0.18516908303921653,0.0006399663067330719,0.012299498435242178
ILMN_1673604,0.17692505617647214,0.000639427812562602,0.012299498435242178
ILMN_1806106,-0.19812291641176394,0.0006437089913970889,0.012353394856767749
ILMN_1783702,0.20575586512745048,0.0006453783147168854,0.012367402493810476
ILMN_1737271,-0.3153949746078437,0.0006467760652881334,0.012376172819067261
ILMN_2403730,0.13902446733333385,0.0006547107201753068,0.012419692552028695
ILMN_1695868,-0.20866937536274577,0.0006535361863692376,0.012419692552028695
ILMN_2060652,0.2022200866666668,0.0006542068216252883,0.012419692552028695
ILMN_1653166,0.2940326920588241,0.0006536508397769795,0.012419692552028695
ILMN_1703005,-0.2697631362745092,0.0006524226357005174,0.012419692552028695
ILMN_1688775,0.2450972514803933,0.000650767663622774,0.012419692552028695
ILMN_1812940,-0.1744371603725492,0.0006566029043251544,0.012432799917538333
ILMN_1743104,0.14260607944117787,0.000658234830423412,0.012432799917538333
ILMN_1737604,0.23252972671568628,0.0006576506676768217,0.012432799917538333
ILMN_1651828,-0.20402136925490133,0.0006652616937650736,0.012543324834850197
ILMN_1703327,0.18312568680392083,0.000665991952872031,0.012543324834850197
ILMN_1741711,0.17409460255882347,0.0006681973353924718,0.01254900115760229
ILMN_1775744,-0.1645966307058817,0.0006681997578032059,0.01254900115760229
ILMN_1662618,0.13393469147058923,0.000671812267172167,0.012596283228034614
ILMN_1724236,0.3390648340980382,0.0006726309995676668,0.012596283228034614
ILMN_1673638,-0.14620257323529273,0.0006794263912150842,0.012705466534583217
ILMN_2389970,-0.20856392220588216,0.0006825715883701374,0.012728123174069206
ILMN_3236463,0.2691914582745101,0.0006824037092602752,0.012728123174069206
ILMN_1786658,-0.24622027034313732,0.000685228597107605,0.012759596154061695
ILMN_2222234,-0.18465013358823423,0.0006874836516433261,0.01278350603655987
ILMN_2079803,-0.11157310650980001,0.0006910422165770475,0.012831552582844612
ILMN_3264073,-0.3065954442254881,0.000692665806692047,0.012843584993099717
ILMN_1693664,-0.21995432992156871,0.0006945968707939378,0.012854645873427497
ILMN_1693226,-0.16783136126470577,0.000695215181305004,0.012854645873427497
ILMN_1768962,0.21755525937254916,0.0006974964581943043,0.012878738951091186
ILMN_2367215,0.17893128717647144,0.0007053390318925206,0.012928877657492607
ILMN_1796407,-0.13267761437254855,0.0007044130133758029,0.012928877657492607
ILMN_1782753,0.2183255699019604,0.0007041208735269548,0.012928877657492607
ILMN_2154053,-0.21405834463725526,0.0007015093954478568,0.012928877657492607
ILMN_1652207,-0.10923585568627381,0.0007041022944404943,0.012928877657492607
ILMN_1707336,0.16006129608823372,0.0007061042943970516,0.012928877657492607
ILMN_3206679,-0.26628441338235254,0.0007132867518531765,0.013042250122426484
ILMN_2220283,-0.3846125109117642,0.0007151290199377528,0.013057799649764931
ILMN_1744665,0.21973337499019685,0.000719375548372602,0.013117145560007348
ILMN_1659255,0.28027085563725507,0.0007204044471090661,0.013117737961536454
ILMN_2190851,-0.32392748614705713,0.0007236596807021891,0.013158811735420332
ILMN_1735014,0.1672980673921547,0.0007278412525695072,0.013198388553825843
ILMN_2192683,-0.18793024335294017,0.0007277215780023224,0.013198388553825843
ILMN_3280496,-0.2556614218039215,0.0007323058083513503,0.013261081109966336
ILMN_2206716,0.08884713294117574,0.0007334209376428552,0.013263031104489271
ILMN_3201986,-0.2639373994901941,0.0007360876965228807,0.013275787847409702
ILMN_1679195,0.16958512784314017,0.000736143192450367,0.013275787847409702
ILMN_1755115,-0.25937650696078407,0.0007451175891242915,0.013403295420383467
ILMN_2365544,-0.18628212722549176,0.0007453360259404432,0.013403295420383467
ILMN_1815063,0.23381325104902118,0.0007462677966685212,0.013403295420383467
ILMN_2328813,-0.18835877860784223,0.0007485466807138189,0.013407642247071328
ILMN_2307740,0.24250635272549204,0.000748476886619377,0.013407642247071328
ILMN_2110281,-0.1591968323137225,0.0007496925332287203,0.013409921467331661
ILMN_1811823,0.27488428167646894,0.0007535404956099247,0.013431932914631182
ILMN_1705774,-0.20024087080392228,0.000753983928895742,0.013431932914631182
ILMN_1774547,-0.20715489588235414,0.0007520102500106573,0.013431932914631182
ILMN_1807533,0.1534789412941171,0.0007580293248984566,0.01344940170119701
ILMN_1745471,0.22645785717647193,0.0007573034649153796,0.01344940170119701
ILMN_3275447,-0.21627428251960623,0.0007572184148168877,0.01344940170119701
ILMN_1719543,-0.3060762227941183,0.0007598350194092238,0.013458703812352691
ILMN_2077858,0.19257023137255036,0.0007605982253239956,0.013458703812352691
ILMN_2263144,-0.18650301133333347,0.0007622771266228696,0.013470306539583999
ILMN_1798728,-0.23367939523529557,0.0007635573498486765,0.01347377019052087
ILMN_1803560,0.21092779021568653,0.0007645200404344162,0.01347377019052087
ILMN_3225211,-0.27691986892156706,0.0007701931593016098,0.013555605537708147
ILMN_3251404,-0.2833235154117659,0.0007771311765156759,0.013659455192027868
ILMN_3293676,-0.19601111272548977,0.0007802385436044776,0.01367755050140206
ILMN_1737813,-0.16095140551960885,0.0007800210735345887,0.01367755050140206
ILMN_3188076,-0.34172788572549084,0.0007845932249217563,0.013727393030422277
ILMN_1676393,-0.1926585200392168,0.0007851672580256721,0.013727393030422277
ILMN_1695598,-0.19161239960784293,0.0007900861426047097,0.013735442619400098
ILMN_1754489,0.25643744926470635,0.0007887888431533358,0.013735442619400098
ILMN_1729175,0.15664369886274443,0.0007905854359481569,0.013735442619400098
ILMN_1680774,0.2052040615784323,0.0007892913148575166,0.013735442619400098
ILMN_1672009,-0.232813777480394,0.0007908443224842593,0.013735442619400098
ILMN_1724822,0.3759647974901954,0.0007928861506287325,0.013752761756294155
ILMN_3246900,-0.2273610987745105,0.0007948746551231271,0.013769111624599957
ILMN_1745697,0.2778333406176472,0.0007981511675600901,0.01378958021119237
ILMN_1726873,0.31682668546078485,0.0007971065034729225,0.01378958021119237
ILMN_1711878,-0.19640484180392104,0.0007993663551307178,0.013792474528566056
ILMN_1706015,0.32059559573529306,0.0008012683234600223,0.013796645475663831
ILMN_1682938,0.18990513425490274,0.0008017040477692997,0.013796645475663831
ILMN_2205963,0.17435049720588403,0.0008074383600615821,0.013877188002886067
ILMN_2386008,0.4286588653039223,0.0008105340002790538,0.01389411473134602
ILMN_2327860,-0.549566591774509,0.000809951286964026,0.01389411473134602
ILMN_2296843,-0.20133774277451,0.000813859007760999,0.013932969879289405
ILMN_1742798,-0.18742336614705835,0.0008194482219937058,0.01395606189204028
ILMN_1665423,-0.10535478488235306,0.000818556324565413,0.01395606189204028
ILMN_1738821,-0.15335298317646995,0.0008186800808239162,0.01395606189204028
ILMN_1858599,0.23270649286274558,0.0008163523632666501,0.01395606189204028
ILMN_3282436,-0.1879347612941178,0.0008209349518115399,0.01396331865710455
ILMN_2364828,-0.2429966644411765,0.0008236227695148237,0.01399095969117762
ILMN_1737627,0.37676981588235225,0.0008275345179109391,0.014039293722032877
ILMN_1706268,-0.28119074939215594,0.0008314740161698074,0.014087973517214305
ILMN_1780898,-0.26844034500980296,0.0008338586196301243,0.014110216873304096
ILMN_1802628,0.19425445951960807,0.0008368944465584673,0.014143408714945085
ILMN_1684054,0.336315918833332,0.0008401051509675142,0.014179467067291441
ILMN_2181241,-0.3245976543725515,0.0008431491557891955,0.014212623093424788
ILMN_1801101,0.13555857693137252,0.0008494555662235247,0.014300617045182484
ILMN_2388507,0.15777023870588103,0.0008556535107561366,0.014368212333041502
ILMN_3248443,-0.260903262607842,0.0008552658751979029,0.014368212333041502
ILMN_1764609,0.19235835329411888,0.0008572660351623992,0.01437695204192737
ILMN_2391355,0.1388947641862739,0.0008590567643148628,0.014388654328505304
ILMN_1751726,-0.2824089093627453,0.0008619764159187809,0.014419211582682022
ILMN_1846002,0.26576525958823627,0.0008647647070881264,0.014443366497844607
ILMN_1770048,-0.22581830357842936,0.0008656145967944849,0.014443366497844607
ILMN_2057573,-0.2521939493725487,0.0008681746813769032,0.014467746430793583
ILMN_1768117,-0.12349624122549052,0.0008737594406145329,0.014542405860544028
ILMN_2321292,0.19648733541176533,0.000875042644954707,0.014545374268723127
ILMN_1799765,0.25510642537254746,0.0008843583974701456,0.014681687645264145
ILMN_1711049,-0.342463480411765,0.0008907580471755279,0.01476930691570003
ILMN_1752741,0.22452871786274464,0.0009051673158539219,0.014899740696692641
ILMN_1699856,-0.3012733661176483,0.000901081618548134,0.014899740696692641
ILMN_2115633,-0.29137070099019624,0.0009031250862810902,0.014899740696692641
ILMN_1800733,0.15192998576470718,0.0009057326128436118,0.014899740696692641
ILMN_2388975,-0.1480726950588238,0.0009017498210665496,0.014899740696692641
ILMN_1778064,0.22837405103921515,0.0009065470792290775,0.014899740696692641
ILMN_1706426,-0.16949019031372448,0.0009039101469220412,0.014899740696692641
ILMN_1745423,-0.21108921756862564,0.0009077281714272925,0.014900550345187414
ILMN_2044832,-0.24172522513725436,0.0009105455208316718,0.01492818403704727
ILMN_1821176,-0.22468028346078306,0.0009182721579905933,0.015036135522321095
ILMN_1795639,-0.27809646019607737,0.0009194289409695223,0.01503637516504815
ILMN_1758811,0.3429084234705879,0.0009244477136674002,0.015044419012262162
ILMN_1773125,0.31152182955882335,0.0009224123900929669,0.015044419012262162
ILMN_3281563,-0.24569042959804044,0.0009298035797535261,0.015044419012262162
ILMN_1778464,-0.16451634623529454,0.0009307189349458355,0.015044419012262162
ILMN_1735930,0.13515558362745317,0.0009282116250103792,0.015044419012262162
ILMN_1670998,0.30655637196078356,0.000931348385491353,0.015044419012262162
ILMN_1844464,-0.3757714134411767,0.0009308579721435581,0.015044419012262162
ILMN_1726839,-0.1640777305392156,0.0009289727555852998,0.015044419012262162
ILMN_3240177,-0.15267839970588426,0.000927036364578653,0.015044419012262162
ILMN_3243419,-0.20653563565686195,0.000923450433216712,0.015044419012262162
ILMN_1794364,-0.3750442406764698,0.0009342117544967376,0.01507217861268327
ILMN_2144088,-0.1426560875980396,0.0009373225900084458,0.015097637566705452
ILMN_3263290,0.1900673389999996,0.0009380833672286411,0.015097637566705452
ILMN_1680624,0.22216930910784072,0.0009439296820262555,0.015154675931555674
ILMN_3199737,-0.29252393875490235,0.0009428212535810514,0.015154675931555674
ILMN_2377669,-0.31943689296078226,0.0009460627841087556,0.015170422110586805
ILMN_2227195,-0.3210207748627445,0.0009476912914914237,0.015178048482341354
ILMN_1738866,-0.26119842194117737,0.0009501689779593704,0.015180794411207659
ILMN_3194217,-0.20092368147058615,0.0009498086326801829,0.015180794411207659
ILMN_3241218,-0.12825339183333284,0.0009538773491420604,0.015221570062369969
ILMN_2109156,-0.19607348934313773,0.0009556644062277483,0.015231624585942261
ILMN_1776602,0.4086782730392162,0.0009618867834813181,0.015312260585890634
ILMN_1770030,0.2237013714215701,0.0009652901735849806,0.015347880598123516
ILMN_1678203,0.19202456507843202,0.0009669309166450015,0.015355422819820802
ILMN_1735180,0.13691739814705528,0.0009716158575990822,0.01541123224733966
ILMN_1653794,-0.4414643854313738,0.0009804735277113502,0.015495719078415278
ILMN_1759883,0.20801745500000024,0.0009781855618783864,0.015495719078415278
ILMN_1738736,-0.18111816632352795,0.0009800698377562147,0.015495719078415278
ILMN_2151368,0.1853941594019588,0.0009817342757603793,0.015497040456097594
ILMN_1759154,-0.14878656572549076,0.0009849565227068105,0.015529284576569054
ILMN_3211887,-0.34663166623529484,0.000988001522880534,0.015558660345361519
ILMN_1795285,-0.2105613973431364,0.0009896294616326927,0.015565677254951494
ILMN_1749009,-0.24817982185294074,0.0009923102135106314,0.015589217137073346
ILMN_2382829,-0.2758239692156863,0.000996429626647265,0.015601921593268408
ILMN_2186806,0.24021098040196165,0.0009983090139496836,0.015601921593268408
ILMN_2202915,0.3325492865588231,0.0009990444286460515,0.015601921593268408
ILMN_1658411,-0.13226811810784245,0.0009972839266987699,0.015601921593268408
ILMN_2401779,-0.37339288087254996,0.0009960008432491742,0.015601921593268408
ILMN_1904135,0.22053254363725383,0.0010082183421618563,0.01564026114084795
ILMN_1747598,0.12116660414706004,0.0010088114757508281,0.01564026114084795
ILMN_2256295,-0.43137491437254916,0.0010068528424715159,0.01564026114084795
ILMN_1688490,-0.18242005931372418,0.0010105555298429868,0.01564026114084795
ILMN_1666733,-0.9535282256274495,0.0010110035876081736,0.01564026114084795
ILMN_2054362,0.18256685069607936,0.0010069129807288653,0.01564026114084795
ILMN_2192281,0.2709728339313724,0.001009412191572581,0.01564026114084795
ILMN_3202024,0.13961854323529366,0.001004600803247968,0.01564026114084795
ILMN_2362858,0.25576361889215704,0.001015524751224733,0.015678976399744297
ILMN_2322935,-0.18356439247058987,0.001015888102467291,0.015678976399744297
ILMN_1804445,-0.206147397990196,0.0010176696517486905,0.01568808075558725
ILMN_2101278,0.20746821326470588,0.0010215642974135955,0.01571248956267914
ILMN_1784410,-0.17527640203921635,0.001021640035370554,0.01571248956267914
ILMN_1688034,-0.1508871338921569,0.0010283477897714876,0.015788913761490584
ILMN_1753745,-0.2298905563235305,0.0010290078243341376,0.015788913761490584
ILMN_1684628,-0.2620001090882358,0.0010311804721757196,0.01580383110150564
ILMN_1813389,-0.1786296704803929,0.0010325266915506284,0.015806062667748862
ILMN_1690546,-0.25961128604901873,0.0010340059455945384,0.01581032319831835
ILMN_2148847,0.17469848299019297,0.0010379066417907368,0.01583318764678453
ILMN_1784847,-0.20307290444117765,0.0010375275452288715,0.01583318764678453
ILMN_3279306,-0.17731977431372492,0.001039241450381375,0.01583520103503565
ILMN_2324994,0.34740080505882354,0.0010504374207842256,0.015986419299981024
ILMN_1671728,-0.20771408311764628,0.0010515943117192228,0.015986419299981024
ILMN_1780397,-0.20457938145098087,0.0010537921656024454,0.016001353933282808
ILMN_1688672,-0.22813921572549045,0.001058508413897213,0.016035976143793797
ILMN_1791093,-0.14380002633333344,0.001058148970072822,0.016035976143793797
ILMN_1776582,0.24790974733333382,0.0010643711698269463,0.016086655743598875
ILMN_1812926,0.213880389901961,0.0010648559675420798,0.016086655743598875
ILMN_1764177,0.19990988018627398,0.0010655194689265645,0.016086655743598875
ILMN_1721623,-0.15739986597058664,0.0010689082596422941,0.01611933246069966
ILMN_3245973,0.3028866010784306,0.001071745590527338,0.01613813746835697
ILMN_2046856,-0.17494489343137154,0.0010726696336309251,0.01613813746835697
ILMN_1775703,-0.20767767933333392,0.0010738327703973191,0.01613813746835697
ILMN_1789809,-0.2863687310098033,0.0010808489653392095,0.016225058869658717
ILMN_1727183,0.1587171556176461,0.0010847052437191478,0.016227436969957477
ILMN_2343010,-0.22485292971568693,0.001083423455823447,0.016227436969957477
ILMN_1688240,0.32905317151960745,0.0010839486180824064,0.016227436969957477
ILMN_3302905,-0.21554604000000133,0.0010922668798477452,0.016322013022923455
ILMN_1659343,-0.22540407392157036,0.0010935223379823365,0.01632224668881798
ILMN_2147920,-0.17819854195098017,0.0010958318048747626,0.016338194463393258
ILMN_1788160,0.18393329832352912,0.0011005369849249444,0.016389784396534945
ILMN_1787705,0.20306933351960765,0.0011026625808592712,0.016402884606793566
ILMN_2357419,0.45064169804901866,0.0011099359057087216,0.01647122523624449
ILMN_1761138,-0.19890010254902002,0.0011222703408212157,0.01647122523624449
ILMN_1657204,-0.18381364573529346,0.0011184523371911912,0.01647122523624449
ILMN_1682038,0.2933472774509802,0.001118045753437025,0.01647122523624449
ILMN_2100437,-0.5038833354215715,0.0011194310965625973,0.01647122523624449
ILMN_1659544,0.2971343107549025,0.0011109499865039354,0.01647122523624449
ILMN_3236556,0.27248829671568764,0.001116861004198868,0.01647122523624449
ILMN_2059886,-0.30971383619607984,0.0011198181863857639,0.01647122523624449
ILMN_1815500,-0.32743660822548915,0.0011194192376374858,0.01647122523624449
ILMN_1725705,-0.15420423939215766,0.0011214314384802922,0.01647122523624449
ILMN_2203463,-0.17049412223529448,0.0011132933396252028,0.01647122523624449
ILMN_3238137,-0.2079000450098052,0.00111141347019341,0.01647122523624449
ILMN_1767658,-0.19009887132352787,0.0011282779263920688,0.016528753849877686
ILMN_3229033,-0.19707059978431474,0.0011287010794561365,0.016528753849877686
ILMN_2151488,0.1947576058823568,0.0011349044135502378,0.016601129560432092
ILMN_1696003,0.2794528379019585,0.0011437975771796034,0.016712647173773007
ILMN_1752579,0.1633088439607846,0.0011451968168706423,0.016714541124281602
ILMN_2374340,0.31106982063725486,0.0011498365696297466,0.016745131016787183
ILMN_2208413,0.18273897184313626,0.0011490202349121765,0.016745131016787183
ILMN_1797005,0.12449951180392116,0.0011614163840499364,0.0168702349330957
ILMN_1683854,0.15453629672549063,0.0011598860250113877,0.0168702349330957
ILMN_2343775,-0.16099829735294158,0.001162271407847915,0.0168702349330957
ILMN_1652650,-0.3380434304215676,0.0011665938735685266,0.01691432637172869
ILMN_1808939,-0.1895473718627425,0.001173016960887046,0.016988743993485107
ILMN_1714167,-0.24643283537255023,0.0011744316061954962,0.016990540764355723
ILMN_1712719,0.35282361196078416,0.0011810908196271841,0.01704940859692092
ILMN_1756071,-0.3384736202352956,0.0011808241116181852,0.01704940859692092
ILMN_1678678,-0.18370032671568737,0.0011866249906226224,0.017110534503337157
ILMN_1662128,0.19922069763725503,0.0011880344722584747,0.017112115784773323
ILMN_1760049,-0.17712136859803973,0.0011911647168197969,0.017134266281141813
ILMN_1742601,0.37914620521568576,0.001192175306762317,0.017134266281141813
ILMN_1736976,-0.28334106586274466,0.001195812627161021,0.017167800694192846
ILMN_1667796,-0.5982751945784326,0.0012069201651563775,0.017272889089216845
ILMN_1764596,0.16646682775490262,0.0012070685880804786,0.017272889089216845
ILMN_1673543,0.26645147004901837,0.0012066121601743392,0.017272889089216845
ILMN_2393994,-0.1626715479019607,0.0012084058771012758,0.017273250132506295
ILMN_1737406,0.1904941651862746,0.0012157254668696562,0.017317885378409958
ILMN_1714433,0.238505898303921,0.001213580545979234,0.017317885378409958
ILMN_2171295,0.2630299179313722,0.0012153494150594659,0.017317885378409958
ILMN_1673944,0.1276520123333338,0.0012167902753535292,0.017317885378409958
ILMN_2041236,0.22047803077450912,0.0012199923706777043,0.017344707948133885
ILMN_1706546,0.26512552337254824,0.0012224803913615328,0.017361331555851758
ILMN_3301065,-0.18479744460784175,0.001223922019852659,0.01736307477517269
ILMN_1705953,0.24055910596078434,0.0012365420039414747,0.01749500296344936
ILMN_1712390,-0.22462964722549117,0.0012360815711383957,0.01749500296344936
ILMN_1699991,-0.30853179866666736,0.001237208337179746,0.01749500296344936
ILMN_1730639,0.33773396406862766,0.0012395800079714112,0.017509732623330075
ILMN_1785852,0.23405380989215807,0.001241483630372738,0.017517826359975452
ILMN_1782954,0.142986079343137,0.001244033450139729,0.017520384693321872
ILMN_1684446,-0.16332815008823331,0.0012443265999434827,0.017520384693321872
ILMN_1655710,-0.4028788740392155,0.001256085999025911,0.017667064291854828
ILMN_1726308,-0.19445549257843275,0.0012589128706026922,0.01768792736551168
ILMN_1784717,-0.11056238333333468,0.0012674491413228767,0.017788878406733127
ILMN_1729430,-0.12697889781372496,0.0012722380990079433,0.0178181006100421
ILMN_1737685,-0.17874456070588263,0.0012718830110614264,0.0178181006100421
ILMN_1684887,0.2628224456176449,0.0012809051495555651,0.017906521137164462
ILMN_2403555,-0.2021419486470588,0.0012812717744936516,0.017906521137164462
ILMN_3265365,-0.31042015807843004,0.0012928594055308452,0.017970593310905288
ILMN_2200659,-0.5287196928921567,0.0012953753588029644,0.017970593310905288
ILMN_2333774,0.26988295540196017,0.0012903696235543227,0.017970593310905288
ILMN_2130441,0.18059109294117626,0.0012898251133950018,0.017970593310905288
ILMN_1724609,-0.224197887774511,0.0012937535950454362,0.017970593310905288
ILMN_1746856,0.1361469074411774,0.0012954115497188848,0.017970593310905288
ILMN_1908547,-0.25964291968627506,0.0012909243822902478,0.017970593310905288
ILMN_1741054,-0.16270633801960965,0.001309811203780247,0.01809355272259453
ILMN_3235808,-0.15967127771568634,0.001310252829591198,0.01809355272259453
ILMN_1772296,-0.18335264907843118,0.0013065040992565754,0.01809355272259453
ILMN_1795839,0.1828365146568629,0.0013111469272582745,0.01809355272259453
ILMN_2127842,-0.8015606372352924,0.0013072843447709073,0.01809355272259453
ILMN_2079655,-0.33437841874509644,0.001313660046747487,0.01810925080149808
ILMN_1752226,-0.2756209641960785,0.0013151309614299993,0.01811056391969241
ILMN_2298818,-0.19651883468627673,0.00132527836232548,0.01823123264369378
ILMN_1756999,-0.1594797806764685,0.0013277565966160918,0.01824625844932239
ILMN_1684205,-0.17754125895097772,0.0013311499035709889,0.01827381489104491
ILMN_1774800,-0.17305007751960755,0.001333838613278465,0.018291651399803117
ILMN_1759801,0.15204560502941167,0.0013356031339396347,0.018296790071087712
ILMN_1666933,0.12525352544117663,0.0013392228386232277,0.01832289748343199
ILMN_1679134,-0.19572961942157008,0.0013417289921484783,0.01832289748343199
ILMN_1664464,-0.43855016275490266,0.0013430760403731008,0.01832289748343199
ILMN_1697559,0.2111107430196073,0.0013407616024912307,0.01832289748343199
ILMN_1778599,0.23772491396078177,0.001345986194827588,0.018342208039684584
ILMN_1685870,0.19084256214705864,0.0013472780231200147,0.018342208039684584
ILMN_1747244,0.253351398950981,0.0013507953606640682,0.01837109599498188
ILMN_1746948,-0.17315867982353073,0.0013552175860969615,0.018393236619553093
ILMN_2216815,0.3483656949607843,0.0013545116892111713,0.018393236619553093
ILMN_3268697,-0.40636805399999876,0.0013567623581612585,0.018395238357562276
ILMN_2106725,0.317131749264707,0.0013608940543365256,0.018425354682183395
ILMN_1659976,0.1743591571176486,0.0013648188991246888,0.018425354682183395
ILMN_1684982,0.5062898625980399,0.0013659814789070256,0.018425354682183395
ILMN_1687359,-0.15162745986274562,0.0013648801201635924,0.018425354682183395
ILMN_1809585,0.3123361887941174,0.0013637810713629168,0.018425354682183395
ILMN_2133784,-0.18600228172549027,0.0013707501274614438,0.018470752741074622
ILMN_1808837,-0.2898350116666677,0.001377115508819533,0.01853755181350629
ILMN_1796210,-0.16678466771568523,0.0013832362579348412,0.018554747760327152
ILMN_2317730,0.14988810630392013,0.0013839981941411996,0.018554747760327152
ILMN_1777058,0.2543929845882351,0.001386849357855064,0.018554747760327152
ILMN_1652680,0.33037452312745064,0.0013857840133614803,0.018554747760327152
ILMN_3290577,-0.28634859565686277,0.0013853169047392015,0.018554747760327152
ILMN_1707236,0.14822071701960748,0.0013820099578392391,0.018554747760327152
ILMN_1784737,0.25800333800000086,0.001388498805451345,0.01855795611549945
ILMN_2382126,0.21122961759803882,0.0013926206182345636,0.01859416880229009
ILMN_3268914,-0.25031004053921535,0.00139550116908508,0.018613751662619128
ILMN_1812281,0.7471609494509801,0.0014008141676722938,0.01866570700142282
ILMN_3304435,-0.19902293785294045,0.0014078358840807898,0.01869628332428152
ILMN_1798557,-0.4160466361764703,0.0014070431019944714,0.01869628332428152
ILMN_3236130,-0.2567796906176474,0.001405200245677399,0.01869628332428152
ILMN_1654571,0.18918009828431437,0.0014087894460833473,0.01869628332428152
ILMN_3262025,-0.2004511160784297,0.0014134230021233467,0.01873888602512977
ILMN_2107991,-0.22539439187254917,0.0014171722928095311,0.018755717948943682
ILMN_1781628,-0.1644229297941182,0.0014175419186630432,0.018755717948943682
ILMN_1757847,0.1629612634803923,0.0014212538180181941,0.018785950315471412
ILMN_1664449,-0.17100700501960908,0.0014298142256489292,0.018869110230879005
ILMN_2369785,-0.22777482492156942,0.0014304118503924987,0.018869110230879005
ILMN_2219134,-0.2045519186862741,0.0014337779454417095,0.018875686651740105
ILMN_1684349,-0.3312124792745097,0.0014327033355362503,0.018875686651740105
ILMN_2383611,0.15622699998039025,0.0014471495231065082,0.01893809490228348
ILMN_1803018,-0.20271316084313717,0.0014423886234543176,0.01893809490228348
ILMN_1736256,-0.18092829739215777,0.0014464071416649973,0.01893809490228348
ILMN_1694259,-0.19006035066666627,0.0014445997178495365,0.01893809490228348
ILMN_2375002,0.25872275673529277,0.0014466934831268068,0.01893809490228348
ILMN_1652073,-0.22385386362745052,0.0014453733084667708,0.01893809490228348
ILMN_1811909,0.20414314904902042,0.001450255178071217,0.018942069823484193
ILMN_3283155,-0.24360180519607688,0.001450330906348049,0.018942069823484193
ILMN_1802553,-0.16159207824509902,0.0014550550065796158,0.018947378003581247
ILMN_3304049,-0.2412566594901957,0.00145298606018862,0.018947378003581247
ILMN_1757732,0.2857128914803919,0.001453802270299046,0.018947378003581247
ILMN_2156982,-0.19710632003921447,0.0014598952386259863,0.01897287346151146
ILMN_1682694,-0.1823105932549023,0.0014590963109396555,0.01897287346151146
ILMN_2376625,-0.3117295272058822,0.001462439506091987,0.018987195362624266
ILMN_1781416,0.3177387888725489,0.001463953590936485,0.01898812711791017
ILMN_1747251,0.2903218915686274,0.0014661012798308738,0.018997267075761274
ILMN_1701681,-0.22233925994117776,0.0014718995229298518,0.019037784879334326
ILMN_1779353,-0.1797017863333341,0.001474617946889933,0.019037784879334326
ILMN_2087080,-0.21429847990196293,0.0014741035093740688,0.019037784879334326
ILMN_1659158,-0.3176582213627448,0.0014750125770543875,0.019037784879334326
ILMN_1767139,-0.15828860798039202,0.001494604599078673,0.019066399369770344
ILMN_1751559,-0.377758102019607,0.0014942035363931876,0.019066399369770344
ILMN_2150196,0.3523525758431365,0.0014830269503125694,0.019066399369770344
ILMN_2329958,0.13755657431372725,0.0014864010237998545,0.019066399369770344
ILMN_2367165,0.2969007754313724,0.0014885392186433683,0.019066399369770344
ILMN_1736757,-0.19564943454902028,0.0014946087466466383,0.019066399369770344
ILMN_1711270,-0.1813839640000019,0.0014787131608696336,0.019066399369770344
ILMN_1765032,-0.3748608822549029,0.0014891910620352569,0.019066399369770344
ILMN_1767509,0.219990325156866,0.0014937167858295403,0.019066399369770344
ILMN_1676792,-0.2282454176470594,0.001486511178250538,0.019066399369770344
ILMN_1698258,-0.15051266386274342,0.0014904031021325927,0.019066399369770344
ILMN_1701749,-0.12733133497059157,0.0014882660679786579,0.019066399369770344
ILMN_2166831,-0.2404073279313721,0.0014967445978720942,0.019075162275882015
ILMN_2116127,0.15175578851960836,0.001501666630924543,0.01911938220127815
ILMN_2409706,0.14773476136274422,0.0015050006813613365,0.019131724241507202
ILMN_2197846,0.13936959378431446,0.001505764928913873,0.019131724241507202
ILMN_1779014,-0.1317957580196083,0.0015069956732581063,0.019131724241507202
ILMN_1662865,0.2878770364999994,0.0015129935471998976,0.019189364208946676
ILMN_3238560,-0.21210915145098053,0.0015201725860294728,0.019261859571778644
ILMN_1776147,-0.16085064790196224,0.0015330873977789324,0.019406822684384276
ILMN_2181892,-0.3225105111176463,0.0015376635437976223,0.0194402030788888
ILMN_2344204,0.14563564362744863,0.0015386776762781717,0.0194402030788888
ILMN_1653469,-0.23360192408823544,0.0015442629415620883,0.01947339236174798
ILMN_1867588,0.25641695458823666,0.0015439428869228717,0.01947339236174798
ILMN_1754051,0.2370080411764688,0.0015472715994379448,0.019492660867560328
ILMN_1787680,-0.1368533005294097,0.0015514126725261349,0.019518792552313063
ILMN_2038774,0.10162850235293952,0.0015523111129716505,0.019518792552313063
ILMN_2106449,0.20519425420588355,0.0015552077080962445,0.01953585718746487
ILMN_1673892,-0.25300407849019724,0.0015566360949221915,0.01953585718746487
ILMN_1655913,-0.2057369584999993,0.001561097757782211,0.019554568964036925
ILMN_3227912,-0.13534134225490213,0.0015602981680422874,0.019554568964036925
ILMN_2323774,-0.18394625467646897,0.0015655573848199203,0.019554613824624527
ILMN_1771966,-0.14571923465686343,0.0015650395924642962,0.019554613824624527
ILMN_1652631,0.12970579274509575,0.0015632726931781773,0.019554613824624527
ILMN_1697472,0.1904684394803935,0.0015675314009139143,0.019560711746949462
ILMN_1772796,-0.1921921964313711,0.0015697461922998537,0.01956979983108672
ILMN_1668228,-0.23000062075490213,0.0015775813355517606,0.01962979474379343
ILMN_1670899,0.3519149066764715,0.0015805227822575795,0.01962979474379343
ILMN_3302177,-0.21024907245098134,0.0015790717815653194,0.01962979474379343
ILMN_1737084,-0.18515975877450952,0.0015784034409283396,0.01962979474379343
ILMN_1772113,-0.1807264505000017,0.001583200075007708,0.019644513654548987
ILMN_1685493,0.32539001639215837,0.0016151952363508276,0.019716235380438665
ILMN_3289090,0.2693986135784314,0.0016174351850264913,0.019716235380438665
ILMN_3228108,-0.14885271264705757,0.0016015299949732427,0.019716235380438665
ILMN_2076658,-0.1961180327254901,0.001616619259842492,0.019716235380438665
ILMN_1823809,-0.27324137084313715,0.001607733433957176,0.019716235380438665
ILMN_1662839,-0.2513551051764722,0.0015990019382703254,0.019716235380438665
ILMN_1659047,0.37651028479411686,0.0016094267291838968,0.019716235380438665
ILMN_1712887,0.1122598642450976,0.0016132357684749414,0.019716235380438665
ILMN_1710758,0.12211097325490261,0.0016169943203908433,0.019716235380438665
ILMN_1765371,-0.20233102946078407,0.0016032175351317437,0.019716235380438665
ILMN_1722834,0.218767497029412,0.0015985102722537799,0.019716235380438665
ILMN_3208056,-0.20067779058823376,0.0016105499201086333,0.019716235380438665
ILMN_1774617,0.24062684304901794,0.0016011883972600095,0.019716235380438665
ILMN_1813314,0.2521163669411761,0.0016061538215214335,0.019716235380438665
ILMN_2411190,-0.18997089812745127,0.0016054665840034405,0.019716235380438665
ILMN_2112988,0.2689883256176451,0.0016115959179104986,0.019716235380438665
ILMN_1697639,-0.23141210872548967,0.0015913234019525714,0.019716235380438665
ILMN_1670796,-0.19655570705882397,0.0015988035282145775,0.019716235380438665
ILMN_2129388,-0.22462722307843297,0.001607656902537268,0.019716235380438665
ILMN_1695853,0.23944923562745224,0.0016239411095034584,0.019777229145802988
ILMN_1708502,0.26236922642157,0.0016357092198596582,0.019800791055642135
ILMN_1712959,-0.2798442253333331,0.0016379082005008952,0.019800791055642135
ILMN_2408400,0.16366428330392147,0.0016365267846184355,0.019800791055642135
ILMN_3286813,-0.3336317697745086,0.0016366345316830501,0.019800791055642135
ILMN_1792538,-0.2875525174901963,0.0016339617694272092,0.019800791055642135
ILMN_1905075,-0.16580415752941224,0.0016324320095728458,0.019800791055642135
ILMN_1781691,-0.14464905428431507,0.001632429050711525,0.019800791055642135
ILMN_1761131,-0.23401804550000005,0.001631141463838319,0.019800791055642135
ILMN_1670931,-0.15139739159803867,0.0016500912364122637,0.019820667087014097
ILMN_1709233,0.36999444619607846,0.001642603099997632,0.019820667087014097
ILMN_3246292,-0.10997577186274654,0.0016486759975441754,0.019820667087014097
ILMN_2320330,-0.51036905364706,0.0016472376855472379,0.019820667087014097
ILMN_1679311,0.2640028523333324,0.0016433158670720812,0.019820667087014097
ILMN_1664006,-0.14476277315686303,0.0016477806352732844,0.019820667087014097
ILMN_1671217,-0.17574873578431394,0.0016457192965812714,0.019820667087014097
ILMN_3279935,-0.238667271617647,0.0016534251228115546,0.019842608698098556
ILMN_1718977,0.29411963513725325,0.00165909592697882,0.01989087475019204
ILMN_1707634,-0.1631153008333328,0.0016604687694995101,0.01989087475019204
ILMN_1756086,0.17227295875490078,0.0016666955836684915,0.019947315780905174
ILMN_2062381,-0.16310498008823604,0.0016754965341758826,0.02000363517167876
ILMN_1756674,0.13309044382352653,0.0016759597109275862,0.02000363517167876
ILMN_2312906,0.22154203801960826,0.0016759012050120946,0.02000363517167876
ILMN_2402766,0.12949998180391997,0.0016790906456395078,0.020020923999828952
ILMN_2136177,-0.15443062668627583,0.001680449754638131,0.020020923999828952
ILMN_1734312,-0.1857411528235291,0.0016819912743854793,0.020021171001161693
ILMN_2148944,0.2637000469215671,0.0016866282048025097,0.020058229734620632
ILMN_1790562,-0.321028684401961,0.001691091208489089,0.020093155017832903
ILMN_1788462,0.17546272485293812,0.0016944395526431873,0.020114785131242163
ILMN_1688971,-0.20170702859803935,0.0016976936140121325,0.02013525804366642
ILMN_1785202,-0.3018199248235307,0.0016995077182240354,0.020138631062483734
ILMN_1767766,-0.24517227730392133,0.001702621646852742,0.020157386673395998
ILMN_2366703,-0.1893132188627451,0.001708399703686074,0.020162919595561532
ILMN_1814173,-0.1137267046568633,0.0017077621097901102,0.020162919595561532
ILMN_1806809,0.18366963081372578,0.0017064328800752329,0.020162919595561532
ILMN_1721978,-0.2643525975980383,0.0017092152122025574,0.020162919595561532
ILMN_3239629,-0.23313277127451038,0.0017291197208747226,0.020348768315992364
ILMN_1904238,-0.4426844400392156,0.0017311523367954007,0.020348768315992364
ILMN_1769876,0.22712894905882397,0.001728737656554743,0.020348768315992364
ILMN_2387952,-0.3109267282843131,0.0017302650605630048,0.020348768315992364
ILMN_1699160,-0.30970494264705906,0.0017332007806076584,0.02035467286057076
ILMN_3235148,-0.300169695509803,0.0017381493988876291,0.020394596110833902
ILMN_2326953,0.19662676499019405,0.0017399606598966842,0.02039766882238633
ILMN_1812967,0.16373359765686324,0.001748543684938158,0.02048005125641535
ILMN_3308607,-0.14746207414706003,0.0017569370332454646,0.020501787145619524
ILMN_2319000,-0.34244040897058703,0.0017564943122066144,0.020501787145619524
ILMN_2181968,0.24776456673529434,0.0017581859238438619,0.020501787145619524
ILMN_1708105,-0.16540083530392113,0.0017563650853189563,0.020501787145619524
ILMN_1672446,-0.09668503666666517,0.0017581178067222927,0.020501787145619524
ILMN_1811632,0.22429553122548995,0.0017611814320525239,0.020518542967231396
ILMN_3309349,-0.6499514495686274,0.001766456117504036,0.02056179910427996
ILMN_1771800,-0.21225419916666688,0.001775762641419864,0.02065186852852695
ILMN_1728230,-0.23574833954902008,0.001778612688731484,0.020666757323168566
ILMN_2399896,-0.165281976735292,0.0017870012682670985,0.02068205415543191
ILMN_2228044,0.1649919774705877,0.0017854537406114678,0.02068205415543191
ILMN_1659564,-0.17199736292156942,0.0017893550841653583,0.02068205415543191
ILMN_3274666,-0.2263539842058826,0.00178596490322318,0.02068205415543191
ILMN_1728224,0.17240626214705745,0.0017882910898696376,0.02068205415543191
ILMN_1732313,0.23748793661764722,0.0017836760505841307,0.02068205415543191
ILMN_1793934,0.24878749367647224,0.0017991302385664146,0.020746242258885102
ILMN_2363586,0.2627289359509817,0.0018012119181090522,0.020746242258885102
ILMN_2183331,0.23000204964705961,0.0018007753585520525,0.020746242258885102
ILMN_1815895,0.8744773319901951,0.0017990912835485515,0.020746242258885102
ILMN_2100693,0.23105781618627574,0.0018088322173054365,0.02081580082240041
ILMN_2385097,0.17557408009803765,0.0018179182090460853,0.02083368295285695
ILMN_2079004,-0.15073587618627293,0.0018123761028066257,0.02083368295285695
ILMN_1683175,0.12130987132352722,0.0018136748953335073,0.02083368295285695
ILMN_1667711,-0.3365931173725487,0.0018169443996616152,0.02083368295285695
ILMN_1671837,0.20490825520588185,0.0018182986489048716,0.02083368295285695
ILMN_1714623,-0.1574756023039221,0.001821768430685293,0.02083716888789912
ILMN_2313851,0.15989488495098136,0.0018216788972189042,0.02083716888789912
ILMN_1754757,-0.1864358867941176,0.0018255937498209134,0.020862796628812783
ILMN_1801852,-0.1267146249313722,0.0018290882123546263,0.020884602181828842
ILMN_2396903,0.4483278281470593,0.001832954525317433,0.020910612067421147
ILMN_1705442,-0.13180657099999848,0.0018364714744666312,0.020932594771734373
ILMN_1690586,-0.3255315009313726,0.0018466978155452088,0.021030948738453868
ILMN_1661809,0.3759929201176453,0.0018583187444008555,0.021145001097698582
ILMN_3284119,-0.23156871442156834,0.001878973935712268,0.02134467674043113
ILMN_1784287,-0.3672956194901964,0.001879109786719307,0.02134467674043113
ILMN_1800308,-0.18867732418627536,0.0018909099788368196,0.0214087690235596
ILMN_2375484,0.26469119372549077,0.0018912569976756411,0.0214087690235596
ILMN_1811489,0.13118196348039124,0.0018893380455932331,0.0214087690235596
ILMN_3251565,-0.18793527257843134,0.0018870737785399473,0.0214087690235596
ILMN_1715188,0.1672606919411752,0.001895046375011268,0.02143323498885167
ILMN_1726545,0.41959331000000155,0.0019038056231981345,0.021495369665011525
ILMN_1695370,-0.32075601803921394,0.0019031679057465206,0.021495369665011525
ILMN_1781097,-0.1078844671274517,0.0019087396935625733,0.02150280201323093
ILMN_2345898,0.2719554227843126,0.0019142638784281543,0.02150280201323093
ILMN_1728435,-0.19456144714705825,0.0019113925601869578,0.02150280201323093
ILMN_1677228,0.20380906336274496,0.0019086597041090873,0.02150280201323093
ILMN_1808860,0.13093251149019558,0.0019136995401927938,0.02150280201323093
ILMN_2380566,0.21061634224509795,0.0019120487229044242,0.02150280201323093
ILMN_1794132,-0.18249663109804182,0.0019181740544496981,0.021528355862600407
ILMN_2376403,0.2756737942352956,0.001919873796207258,0.021529078813516653
ILMN_1720053,0.21852867594117598,0.001921665571621676,0.021530831702467543
ILMN_3178890,-0.22266737987254803,0.0019273980166689194,0.0215766963345632
ILMN_2104967,0.18475110621568636,0.001929651430872496,0.021583569318127792
ILMN_1682953,0.17325688079411616,0.0019342210103584169,0.021603698199548323
ILMN_1787844,-0.21809734599999864,0.0019363740125687065,0.021603698199548323
ILMN_1706558,-0.19686673162745105,0.0019358764243795096,0.021603698199548323
ILMN_1680967,-0.0994762724509819,0.0019380856116714294,0.021604485247802174
ILMN_1797384,-0.20130519776470557,0.0019439815306490323,0.021633572993232892
ILMN_1803988,0.2046521344313721,0.0019427470157693093,0.021633572993232892
ILMN_2336280,0.25302259031372465,0.0019465800114457366,0.02164419413064453
ILMN_1718136,-0.15271949182353062,0.0019513782665513447,0.021669686822409103
ILMN_2072603,-0.21621951302941333,0.001955456737183594,0.021669686822409103
ILMN_1755589,0.23610416633333298,0.001954016104230884,0.021669686822409103
ILMN_1655482,0.17603669465686167,0.0019546077730197117,0.021669686822409103
ILMN_1679324,0.13863013629411824,0.001957524183341486,0.02167435313178357
ILMN_1769277,-0.17209032254901935,0.001962145077832735,0.021707260461905842
ILMN_1691942,0.08992372088235356,0.0019733907299185945,0.021813340855901173
ILMN_1774066,-0.15157718223529582,0.001978987265804612,0.021856851807313518
ILMN_1746565,-0.34650558532352793,0.001981545116434565,0.021866757299129125
ILMN_1669456,-0.17905796913725425,0.0019888876086544176,0.021874440574716297
ILMN_1759954,-0.27120467090196065,0.001985806069370655,0.021874440574716297
ILMN_1804137,-0.16485586327450985,0.0019852806053728216,0.021874440574716297
ILMN_1695891,-0.4365930483431377,0.0019876748577547475,0.021874440574716297
ILMN_1664920,-0.2430862728235299,0.0019934145978735833,0.021905929199503942
ILMN_1741133,-0.22130863380392096,0.0019962867301552057,0.021919194997909328
ILMN_1751627,-0.14581837561764743,0.0020023028105842014,0.021948639884547053
ILMN_1809191,0.1739711824215675,0.0020020021918667223,0.021948639884547053
ILMN_1732750,-0.18688626009803944,0.0020057969810413838,0.021950388408486964
ILMN_3219739,-0.20833461657843255,0.0020048858732144253,0.021950388408486964
ILMN_3185161,-0.2950278622647078,0.0020109929795523542,0.021970724129300203
ILMN_1901427,0.2025477395490194,0.0020107077415598027,0.021970724129300203
ILMN_1867517,-0.23037702096078316,0.0020258669347154186,0.022018952484895077
ILMN_2370907,0.18291934369607787,0.0020287876463484793,0.022018952484895077
ILMN_2105441,-0.5918022240490206,0.0020172722916259466,0.022018952484895077
ILMN_1663751,-0.18082064847058987,0.002027300243168756,0.022018952484895077
ILMN_1807611,-0.20159565330392137,0.0020214868973464604,0.022018952484895077
ILMN_1777663,-0.1436720488333343,0.0020260051075855737,0.022018952484895077
ILMN_1661342,-0.267664376813725,0.0020263781683357174,0.022018952484895077
ILMN_1803925,0.2627484391666668,0.002028087549807925,0.022018952484895077
ILMN_2310621,-0.1527231230490198,0.0020338347262230747,0.02201927152197926
ILMN_3240144,-0.7245284954607838,0.0020325143361781986,0.02201927152197926
ILMN_1807710,-0.20950667020588298,0.0020312486701007447,0.02201927152197926
ILMN_1809583,0.19397003558823656,0.002037279485250377,0.02203844241850552
ILMN_1778010,-0.3181869861960793,0.0020418452071218874,0.022051593233601025
ILMN_2223805,-0.17239609915686316,0.0020415511216246,0.022051593233601025
ILMN_1698677,-0.15989573468627416,0.0020443696880965002,0.022060759789992154
ILMN_2408543,0.3475427706862728,0.002049670766681985,0.022099849011767675
ILMN_1652735,-0.16057585636274485,0.002058382294089654,0.02217561612249615
ILMN_1673215,0.11337080392156551,0.0020646674604332077,0.022183378929805965
ILMN_1733288,0.288645812078431,0.002063517926129209,0.022183378929805965
ILMN_1734440,0.11205521497058868,0.002065472713178576,0.022183378929805965
ILMN_1711838,-0.6592288892745088,0.00206733902376553,0.022183378929805965
ILMN_3225938,-0.08704538294117725,0.0020675279868493674,0.022183378929805965
ILMN_1770641,-0.30268091022549104,0.0020746760975785,0.022196623143022617
ILMN_2103591,-0.2104446293725486,0.0020735209761960282,0.022196623143022617
ILMN_1655163,0.10433492680392042,0.0020755065012579444,0.022196623143022617
ILMN_2078334,0.10036553294117656,0.0020749393010324373,0.022196623143022617
ILMN_1652409,-0.18541202288235148,0.002081440207907768,0.022223974320442635
ILMN_1658399,-0.3830133553431381,0.002080777090796607,0.022223974320442635
ILMN_3245517,-0.27480757867646943,0.002083879926169536,0.02223199289142783
ILMN_2077680,-0.3309606977156845,0.002092084515583001,0.02230145153655887
ILMN_2214734,0.16607520855882285,0.002098328038344089,0.022323996786616188
ILMN_1667430,0.18317424456862508,0.002096331443595806,0.022323996786616188
ILMN_1805985,0.18577245331372438,0.0021009823029713224,0.022323996786616188
ILMN_1662065,-0.17456197137255014,0.0020993294671844917,0.022323996786616188
ILMN_3301324,-0.17704396117646937,0.0021134072504934787,0.02243790842963439
ILMN_1763260,0.27380100843137356,0.0021175309903291926,0.022463574123838696
ILMN_1740493,-0.24637082756862938,0.002122205175624608,0.02249057751791205
ILMN_2141444,-0.11822563607843506,0.0021234931906391704,0.02249057751791205
ILMN_1724504,-0.13106494157843152,0.00212842545574793,0.02250660331318996
ILMN_1716057,-0.17575833109804062,0.0021282351278478773,0.02250660331318996
ILMN_2370825,-0.19950011557843084,0.002132919481983091,0.02253602325867367
ILMN_1690754,0.31334927355882325,0.002140295509041687,0.022595822274686293
ILMN_1721636,0.21730476513725483,0.0021455303641388077,0.022597083152788147
ILMN_2394250,-0.2582548096176458,0.0021456504421950772,0.022597083152788147
ILMN_2252295,0.32815837159803785,0.002147280746231521,0.022597083152788147
ILMN_1664303,0.17541699963725144,0.00214220522403651,0.022597083152788147
ILMN_1801833,0.22709527988235312,0.002153988061347658,0.022649562961375335
ILMN_1769783,-0.1935975940196082,0.002158855440409457,0.022664538973676637
ILMN_2371964,-0.20020739108823626,0.0021586587328611814,0.022664538973676637
ILMN_1659725,-0.18877887974509822,0.0021635623379347665,0.022695855122638407
ILMN_1815190,-0.14473742601960815,0.002169860743556522,0.02274380309627517
ILMN_1701269,-0.18690443925490285,0.002179636652383209,0.0228280958859387
ILMN_2091412,-0.29169369092156927,0.0021860016942946464,0.022858389440340764
ILMN_1677768,0.2243180286470592,0.0021858826616608915,0.022858389440340764
ILMN_1683658,0.18803844652941137,0.002189326115962028,0.022874982790984204
ILMN_1741259,-0.13920870688235354,0.002191397893510654,0.022875946779527197
ILMN_2363065,0.21223490179412074,0.002194631278582822,0.022875946779527197
ILMN_1745806,-0.1592425537941189,0.0021939932938586583,0.022875946779527197
ILMN_3307719,-0.15924447047058798,0.0022050917037907234,0.02292162097994401
ILMN_3243466,0.40826304227450905,0.0022050364572870416,0.02292162097994401
ILMN_3290136,-0.25087327291176376,0.0022030274296371533,0.02292162097994401
ILMN_1778059,0.3673759330784314,0.0022059774995510113,0.02292162097994401
ILMN_1679587,-0.2734759475490183,0.002209058503428167,0.022935532490245915
ILMN_1672807,-0.1923504089705883,0.002213184017406914,0.022960258147487804
ILMN_1744126,0.17183938603921511,0.002219117754728706,0.022985590125476903
ILMN_3301372,0.37269099400980465,0.0022226399128739156,0.022985590125476903
ILMN_1842582,-0.2182168038431378,0.0022236590737137493,0.022985590125476903
ILMN_1653205,-0.18742960202941106,0.0022243556262709894,0.022985590125476903
ILMN_1709132,-0.1645471550392159,0.0022225118896063586,0.022985590125476903
ILMN_1768110,0.21929175566666714,0.0022283851999449927,0.02299752918020053
ILMN_3238203,0.3701682365980399,0.0022290047272264246,0.02299752918020053
ILMN_2410516,0.1906615240490197,0.002239686790752876,0.02300723077965623
ILMN_1711909,0.11857834075490192,0.0022437560882469674,0.02300723077965623
ILMN_2375141,0.20605009323529533,0.0022439258884222255,0.02300723077965623
ILMN_3261938,-0.22629798878431373,0.0022362840155453253,0.02300723077965623
ILMN_1710571,-0.13712078922548976,0.0022404905261295027,0.02300723077965623
ILMN_2173291,-0.49907677874509737,0.002236481560334006,0.02300723077965623
ILMN_2338348,-0.34931588998039054,0.002233736605098473,0.02300723077965623
ILMN_2376455,0.2456863225000001,0.0022424211552198,0.02300723077965623
ILMN_1797191,0.24362166327450918,0.0022531397518977033,0.023083723606018104
ILMN_1727402,0.17839667735294107,0.0022558190652150027,0.023093202172282667
ILMN_1679640,0.09896453979411657,0.0022630596713997773,0.023149324455305414
ILMN_1675191,0.25951852972549005,0.002268155813976963,0.023183440443328197
ILMN_1772359,0.13702959812744808,0.0022728308430171713,0.023213202520031857
ILMN_2324056,-0.15780185915686396,0.0022885660339671773,0.023355792121843327
ILMN_3181420,0.12155823536274468,0.0022934174858810353,0.0233871736650843
ILMN_1681679,0.17768484176470878,0.0023024672188245074,0.023410486289208207
ILMN_1688158,0.21234376136274413,0.002302348031004548,0.023410486289208207
ILMN_3271092,0.11856980260784233,0.002301202053175966,0.023410486289208207
ILMN_1873540,0.19417003406862676,0.0023028165396524595,0.023410486289208207
ILMN_1676091,-0.2898310396568631,0.002305316634927197,0.023417819057728818
ILMN_1794230,0.18940849437255114,0.0023150367514125,0.023498426239279536
ILMN_1769734,0.30533199678431444,0.0023198795426481213,0.02352944081584169
ILMN_2402131,-0.34524276766666695,0.0023259479619857117,0.023572829037368664
ILMN_1666409,-0.13057168652941264,0.0023304013741588863,0.02358165571929419
ILMN_2347748,-0.19508776588235488,0.002329301226090385,0.02358165571929419
ILMN_2404154,0.22052846193137476,0.002344553983905426,0.023697936452077552
ILMN_1676986,-0.23419702106862772,0.0023463927152933012,0.023697936452077552
ILMN_1759729,-0.1628015281372548,0.002347292756058422,0.023697936452077552
ILMN_1754538,-0.1721009915686258,0.0023495714858914407,0.02370276521974009
ILMN_3227811,-0.31037123935294186,0.002361336304765129,0.02380321014719213
ILMN_1688346,-0.1407844415294104,0.002363887737137062,0.02381069782663307
ILMN_1678054,0.2841342568137257,0.0023738092815434385,0.02387410175058775
ILMN_2143148,-0.11588078693137227,0.0023723255750944853,0.02387410175058775
ILMN_1696974,0.26927952113725695,0.0023756466268921366,0.023874341864912198
ILMN_2067708,-0.16709289525490156,0.002384804426442558,0.023885327049467345
ILMN_1781360,-0.16733103666666604,0.0023834032153440873,0.023885327049467345
ILMN_3284584,-0.23839640098039006,0.0023835422257902006,0.023885327049467345
ILMN_2377109,-0.25297537919607826,0.0023858112472502514,0.023885327049467345
ILMN_2392143,0.15599555911764895,0.00238203828237997,0.023885327049467345
ILMN_1829989,0.23460016169607822,0.0023885572033900894,0.023894647099263318
ILMN_1750052,-0.16511938854901853,0.0023978563423792017,0.023969459944891563
ILMN_1668996,-0.1725563571176476,0.002405211575753929,0.02400856137514941
ILMN_1768311,-0.21184141696078207,0.0024054153022272746,0.02400856137514941
ILMN_2395981,-0.31478887954902124,0.0024076153963064747,0.02401231567604147
ILMN_1731736,0.20751266939215718,0.0024159311269171735,0.024070934156217538
ILMN_1673788,-0.09574420756863056,0.0024171496357401887,0.024070934156217538
ILMN_1788768,0.227670374676471,0.002423634590898535,0.024117270891291922
ILMN_2157020,0.4279247877941188,0.0024325877426255656,0.02416982462767213
ILMN_1712431,-0.2992588707843158,0.0024309300765148886,0.02416982462767213
ILMN_1656287,-0.30178926739215584,0.0024513537449123057,0.02433791255789631
ILMN_1732143,0.2923794578333343,0.0024594423975195603,0.024399818510433317
ILMN_2116714,0.16241398830392217,0.0024698893751127974,0.024429822406731763
ILMN_1662846,0.34030435506862755,0.0024683874651972863,0.024429822406731763
ILMN_1688011,0.1997926034117654,0.0024688346918281027,0.024429822406731763
ILMN_1724407,0.21311512594117588,0.002466958904984936,0.024429822406731763
ILMN_1765165,0.20930827498039228,0.0024758341751171323,0.02447023792448727
ILMN_2331735,-0.18887763989215767,0.0024818764114660757,0.024493180627399462
ILMN_1757730,-0.19682439869608093,0.002480492563817185,0.024493180627399462
ILMN_1798977,0.39349462178431427,0.002483935129336073,0.024495135563827267
ILMN_1658504,0.16900935878431422,0.00249419682817121,0.024577920091971545
ILMN_2385161,0.1860016468921568,0.0024987827214959647,0.024597477637118444
ILMN_1660439,-0.32049286551960776,0.002499918350054271,0.024597477637118444
ILMN_1696432,0.1961341940196082,0.0025076633306127588,0.024637041403099528
ILMN_1665289,-0.21155920730392186,0.0025076821481316647,0.024637041403099528
ILMN_1789419,0.16125955460784258,0.002519053931871489,0.024703754266523784
ILMN_1789196,-0.26757376379411735,0.0025172254817103275,0.024703754266523784
ILMN_1760718,-0.19919626263725476,0.002520101935430417,0.024703754266523784
ILMN_1760027,0.15915125725489965,0.0025254503700250196,0.02473776348316918
ILMN_1664761,-0.16783507595097902,0.0025292632919648025,0.02475669237079303
ILMN_1653342,-0.19969598249999976,0.0025370290151430996,0.02480285942185159
ILMN_1787749,0.41291077372549,0.002537747940845734,0.02480285942185159
ILMN_1799106,0.3423584103725483,0.0025441262793976767,0.024846752572900904
ILMN_1662932,0.1530204088235294,0.002553871281575395,0.024898523658953627
ILMN_1653180,0.22394578722548975,0.0025542667224454545,0.024898523658953627
ILMN_1879480,0.21536669855882362,0.002556089198609901,0.024898523658953627
ILMN_1795905,-0.2008447694705886,0.002556992327148143,0.024898523658953627
ILMN_1674399,0.1470205142843133,0.002560147560733037,0.024910822348152572
ILMN_3249235,0.16063603366666612,0.0025625608759396665,0.024915889166725044
ILMN_1662438,-0.18978902344117543,0.0025687641895867923,0.024922942264860488
ILMN_1657797,-0.14370817171568628,0.00256862025788084,0.024922942264860488
ILMN_1705679,0.14428766465686227,0.0025689656402138766,0.024922942264860488
ILMN_1809040,-0.25232963308823475,0.0025740030781812844,0.024953424539216944
ILMN_1805192,0.241590120205883,0.0025792215438954344,0.02498561561838366
ILMN_1671603,0.1502890072254912,0.0025854077231564454,0.025027126967172506
ILMN_3306997,-0.1997078967549033,0.0025957089833888356,0.025090200669503772
ILMN_1655983,-0.2379146922156865,0.0025957351547181264,0.025090200669503772
ILMN_2076640,-0.1092083901568639,0.0026023204993283837,0.025117815092041446
ILMN_2337941,-0.16591065489215495,0.0026024078834443244,0.025117815092041446
ILMN_2086064,-0.16408010283333407,0.002607262045929143,0.025127821987303928
ILMN_1671314,-0.17792866970588506,0.0026065072227212283,0.025127821987303928
ILMN_1736597,0.14954300280392196,0.0026142781215599408,0.02517700912241157
ILMN_1726603,-0.12647751139215657,0.0026284087627040076,0.025257665227006027
ILMN_1703305,0.12356027566666583,0.0026270249445360526,0.025257665227006027
ILMN_1812312,-0.17953952318627397,0.0026274976699862083,0.025257665227006027
ILMN_1672417,-0.29448548158823584,0.002636525035664477,0.025317178770622055
ILMN_1685286,-0.1423871166666668,0.0026419568596750464,0.025332383144662775
ILMN_1790014,0.2359238214607835,0.0026414678486917256,0.025332383144662775
ILMN_1770673,0.13049679242157097,0.0026456910990334224,0.025349725850636832
ILMN_2225144,0.21064280266666735,0.00265605684243586,0.02543053696775862
ILMN_2392043,0.2336571739901956,0.0026610437671391683,0.025459768309874384
ILMN_1748707,-0.1413385369901956,0.0026680418664854068,0.02548967429047923
ILMN_3304003,-0.26865112477450914,0.0026664782118754242,0.02548967429047923
ILMN_2355225,0.20400136293137372,0.002684595235911325,0.02561941737929229
ILMN_1738938,-0.15834196552941204,0.002687318865856782,0.02561941737929229
ILMN_3240226,-0.24440280262744896,0.0026874603418763883,0.02561941737929229
ILMN_3240997,0.28090102242156867,0.0026908574904978204,0.025633240855574387
ILMN_1672717,-0.15810518473529456,0.0027045866114556298,0.02574539605192579
ILMN_1766359,0.17989245929411712,0.0027084924142143515,0.025763946989257182
ILMN_3232159,-0.20608381371568374,0.002713931224436073,0.02577843042546963
ILMN_1715024,-0.23844446848039347,0.002712436074700933,0.02577843042546963
ILMN_1712095,0.18797289486274416,0.0027168451868088976,0.02578750316102317
ILMN_1697820,-0.1683789908529416,0.0027201822681913314,0.025795740361251464
ILMN_1788489,0.374360218588234,0.002721631854293831,0.025795740361251464
ILMN_1729915,0.22665838774509872,0.0027346382889459004,0.02590036911796603
ILMN_1772713,-0.20012761840196092,0.0027415610283512124,0.025947268826918557
ILMN_1743677,-0.17761586286274333,0.0027458864018935067,0.025969536265034492
ILMN_1737498,0.2723028915980379,0.002753009580283217,0.025999548869747886
ILMN_1694233,-0.22664495606862722,0.0027528302514435196,0.025999548869747886
ILMN_1675577,-0.1408093166764699,0.002758074724794185,0.02602871236696448
ILMN_1733997,0.3132744045588236,0.002766244410268045,0.026087111505142417
ILMN_2380967,0.15357169935294124,0.0027726331505787097,0.026128643827751406
ILMN_2307883,-0.1426445755098058,0.0027847794246426806,0.026224335568970594
ILMN_2104784,-0.16751366557843195,0.002790656493803627,0.02626089545455665
ILMN_1678165,-0.2085693100490209,0.00279282640285854,0.026262542566880483
ILMN_1783681,-0.16241907747058804,0.002796256886994297,0.026276032774646622
ILMN_1766851,-0.12010553550000225,0.0028019606637155773,0.026310850312279296
ILMN_1718900,0.16893855676470615,0.002810680884749915,0.02637392291356567
ILMN_1784661,0.14963557821568596,0.002816506601531682,0.026409764536442018
ILMN_1683475,-0.18025743089215673,0.0028188689742950778,0.02641310323601046
ILMN_1779934,0.22213450944117596,0.002822604838858937,0.026429297797708324
ILMN_1775036,-0.14022184373529445,0.0028361674532758683,0.026431632444699822
ILMN_3219340,-0.21968370490196065,0.002836912825582397,0.026431632444699822
ILMN_1746588,0.1643301714705867,0.002829856799075652,0.026431632444699822
ILMN_3211935,-0.1418518535490172,0.002831110397047288,0.026431632444699822
ILMN_2413278,-0.255476177137254,0.0028259487454107162,0.026431632444699822
ILMN_1669927,-0.28809539640196125,0.0028377291321127615,0.026431632444699822
ILMN_2405915,-0.15130781384313607,0.002838915934432628,0.026431632444699822
ILMN_1689518,0.1633186618431388,0.002836222886487322,0.026431632444699822
ILMN_2067656,-0.2359485823039238,0.002843690786083049,0.026451798745480662
ILMN_1712673,0.29562196332352997,0.002845100419567081,0.026451798745480662
ILMN_1814998,0.1777390420784304,0.0028590941383004765,0.026563143493807884
ILMN_1754858,-0.38737256697058786,0.002868610168384969,0.026625383789897147
ILMN_1744316,0.19470003500980315,0.0028698381768221836,0.026625383789897147
ILMN_1714650,0.2699264691078431,0.0028811836657211794,0.02663678578596863
ILMN_1781374,0.25462049386274543,0.002880667707171442,0.02663678578596863
ILMN_1652512,-0.14609363662745078,0.002880631038811145,0.02663678578596863
ILMN_2341793,-0.152633635245099,0.0028752126159031187,0.02663678578596863
ILMN_1730928,0.3749677816372552,0.0028765845508363355,0.02663678578596863
ILMN_1661490,-0.217984808588235,0.002894152849221872,0.02673791035789891
ILMN_1654151,-0.19439662814705905,0.0029430304840312753,0.026776085917257594
ILMN_1764431,-0.10421863326470682,0.0029365642763294645,0.026776085917257594
ILMN_2415235,-0.22717053021568745,0.0029170939161577585,0.026776085917257594
ILMN_1695851,0.1228727469705877,0.0029420147737168633,0.026776085917257594
ILMN_1796417,-0.22008050233333432,0.0029338506895363104,0.026776085917257594
ILMN_2355665,-0.23127083485294175,0.00291914262512798,0.026776085917257594
ILMN_1812445,-0.1536158108529424,0.0029170994456265515,0.026776085917257594
ILMN_1665384,0.2409298286176469,0.002939425067231944,0.026776085917257594
ILMN_3278506,-0.291949332715685,0.002915517775944679,0.026776085917257594
ILMN_1760727,0.3012552960098045,0.0029101864207450334,0.026776085917257594
ILMN_1775268,0.3287324062843133,0.002938146128597857,0.026776085917257594
ILMN_1796179,0.20530206107843085,0.0029024066587546946,0.026776085917257594
ILMN_1766094,0.26422096801960926,0.0029396706193615006,0.026776085917257594
ILMN_1690494,-0.0958229329411786,0.0029339247559586413,0.026776085917257594
ILMN_1902929,0.1590215991764703,0.0029073270270789826,0.026776085917257594
ILMN_1754753,0.302505901754901,0.002901001301247199,0.026776085917257594
ILMN_1679949,-0.2543676773431356,0.0029169390971450775,0.026776085917257594
ILMN_1734486,-0.22474836819607802,0.002942915414517691,0.026776085917257594
ILMN_1717324,-0.1349766264705874,0.002922467786905908,0.026776085917257594
ILMN_1772651,-0.108180492931373,0.0029095769051349515,0.026776085917257594
ILMN_1694398,-0.2048676717941209,0.002936771894426415,0.026776085917257594
ILMN_1653793,0.1746105775098048,0.0029422655591153524,0.026776085917257594
ILMN_1706779,-0.20196378972549045,0.002951969405938376,0.02679400630963245
ILMN_1675852,-0.12661156299019538,0.002953141143583493,0.02679400630963245
ILMN_1682332,-0.23058989293137255,0.0029496477915403065,0.02679400630963245
ILMN_1683859,-0.18465517208823634,0.002949803239522915,0.02679400630963245
ILMN_1653466,0.5167594989509796,0.0029621605949715158,0.02685733073884298
ILMN_1668683,-0.22279264165686286,0.0029804034349819363,0.026989404686686078
ILMN_1807304,-0.11369366661764957,0.002980827528632097,0.026989404686686078
ILMN_1769319,0.11319518206862611,0.0029917031439174162,0.027069259030702945
ILMN_2344373,0.2048509284411768,0.0030023050510007625,0.027142645387659935
ILMN_1746485,-0.12736706480391824,0.003003937282933576,0.027142645387659935
ILMN_2312719,-0.17384262932352978,0.003008831557069068,0.027168221844179892
ILMN_2380999,-0.0978983540098044,0.0030138093963468122,0.027194517274095806
ILMN_3292163,-0.20307809084313622,0.0030252049893758313,0.027278646359680015
ILMN_1725612,0.24595873690196157,0.0030463600776370193,0.027397061241369248
ILMN_1780334,0.35652653686274327,0.003047602197560931,0.027397061241369248
ILMN_1777362,-0.17793096702941202,0.003048742477676107,0.027397061241369248
ILMN_3241237,0.16349635535294116,0.0030450475676561824,0.027397061241369248
ILMN_2052208,0.26171403965686224,0.003041107185531543,0.027397061241369248
ILMN_1726743,-0.17780629470588138,0.0030550330897002502,0.027410381710356705
ILMN_3247906,0.10120803038235238,0.003056176742756268,0.027410381710356705
ILMN_1790741,-0.2101111395196078,0.003058018958137617,0.027410381710356705
ILMN_1741727,0.3323288320980389,0.0030587710341870374,0.027410381710356705
ILMN_1806486,-0.14370896894117546,0.0030647992311162225,0.027410381710356705
ILMN_3259146,-0.27392537408823436,0.003063934313800201,0.027410381710356705
ILMN_1726520,-0.199263464735294,0.0030625902501051623,0.027410381710356705
ILMN_1747303,-0.16566053628431288,0.0030731746481395435,0.027466628813820157
ILMN_1721034,0.14336092567647007,0.00307655731530241,0.02747820695790789
ILMN_2258816,-0.32785113539215605,0.0030823565174317377,0.027488564075026478
ILMN_1704876,0.14509903237255095,0.003083980944839659,0.027488564075026478
ILMN_2100689,0.2407439932843145,0.003081449115480868,0.027488564075026478
ILMN_1759948,0.1564782255098045,0.003101976138305168,0.02762584795066045
ILMN_3291098,-0.17208147421568754,0.0031041192236688775,0.02762584795066045
ILMN_1675542,-0.16627542801960793,0.003105678311202238,0.02762584795066045
ILMN_1753608,0.11888655772549139,0.0031185626817178537,0.02766248447354902
ILMN_1658802,-0.17071437438234938,0.0031203030340463574,0.02766248447354902
ILMN_1733615,-0.165265987617647,0.0031170617758295546,0.02766248447354902
ILMN_3214532,-0.2456618297156865,0.0031191151349397902,0.02766248447354902
ILMN_1679339,0.24565497450980267,0.0031200275176397133,0.02766248447354902
ILMN_3288529,-0.27536807426470755,0.003135495158118443,0.02777846147821622
ILMN_1707503,0.11893424816666709,0.0031491083112487315,0.027880303239804675
ILMN_2311989,-0.20460042988235383,0.0031552748295918015,0.02791191410879493
ILMN_1804530,0.1422681081274524,0.0031569191118872506,0.02791191410879493
ILMN_1896455,0.31641891470588046,0.0031622980282147994,0.027924316337379945
ILMN_1720531,0.23138706119607821,0.0031646851481481864,0.027924316337379945
ILMN_1758457,-0.13634560569607768,0.003163344438805952,0.027924316337379945
ILMN_2073732,-0.17331552434313657,0.0031702202491375887,0.02795442034822261
ILMN_3200384,-0.16382609382352875,0.0031749726671458276,0.02797047095691562
ILMN_2307598,0.3497603115392165,0.0031762897136793657,0.02797047095691562
ILMN_2364110,0.17500805434313627,0.0031791011145265377,0.027976514821351516
ILMN_1708375,0.22714617049019736,0.003200836914021284,0.02814280087041074
ILMN_2403946,0.1569750900294098,0.003202272366416657,0.02814280087041074
ILMN_1705464,-0.1959518266274518,0.003211168325802754,0.02817490625692486
ILMN_2261519,-0.10026399784313789,0.0032114116179308037,0.02817490625692486
ILMN_1780302,-0.15005515387254942,0.003212345939357707,0.02817490625692486
ILMN_1759023,-0.17863988602941205,0.003218971931022781,0.02819545274245836
ILMN_1686981,0.24553523844117464,0.0032171574380855518,0.02819545274245836
ILMN_3242900,0.3384898305294133,0.0032222112802259718,0.028205060840541835
ILMN_1790537,-0.18498304457843062,0.0032279363795427963,0.028217651020372454
ILMN_1706357,0.31086922268627415,0.003227482977517139,0.028217651020372454
ILMN_2355033,-0.21065406489215732,0.0032326306616273204,0.028239935408310334
ILMN_2225887,0.17049286761764826,0.003236293382382607,0.028253184601503327
ILMN_3248412,0.32151440187254954,0.003243967019763245,0.02830140875757662
ILMN_1662364,-0.17356629192157058,0.0032461466543686726,0.02830166934090303
ILMN_1758474,-0.1534357167156868,0.0032499777702888135,0.02831631856111994
ILMN_1791147,0.18703441892157002,0.0032587551202743217,0.028317829147466302
ILMN_1750689,-0.1790109371470594,0.003257539365651563,0.028317829147466302
ILMN_2213136,-0.44263457708823317,0.0032576275658287366,0.028317829147466302
ILMN_2075847,0.16951723126470508,0.0032567938057357386,0.028317829147466302
ILMN_2146566,-0.2316947614607816,0.0032667829733513836,0.02831872405770956
ILMN_2374249,-0.23965469738235345,0.0032717644733593803,0.02831872405770956
ILMN_1781906,-0.17055241521568565,0.003261152116297329,0.02831872405770956
ILMN_1679555,-0.14458436951960785,0.0032688956312617538,0.02831872405770956
ILMN_2394571,0.1106762952745095,0.003270273725823197,0.02831872405770956
ILMN_1789616,-0.14756907634313698,0.0032665699508940107,0.02831872405770956
ILMN_1812433,0.48467003292156896,0.003283631869371921,0.028346894137889402
ILMN_1735151,-0.17335031596078387,0.003282006200029558,0.028346894137889402
ILMN_1804895,0.3165616552843149,0.003281222108806084,0.028346894137889402
ILMN_1741869,0.12604495695098006,0.003279714412406498,0.028346894137889402
ILMN_1782444,0.21455399049019697,0.0032974905151263415,0.02841693744970338
ILMN_1757361,0.27667085912745026,0.003300379594424342,0.02841693744970338
ILMN_2352293,0.1685790587058813,0.0032987214829085345,0.02841693744970338
ILMN_1757914,-0.11706852870588058,0.003299821748825919,0.02841693744970338
ILMN_3234831,-0.15462415362744864,0.0033131385541536958,0.02848952910870895
ILMN_1680996,0.18096117990196525,0.00331103717655465,0.02848952910870895
ILMN_3235853,-0.2711163978137243,0.003317365412412719,0.02850725564909494
ILMN_1718334,-0.17241175826470734,0.003321799559043973,0.028526739200791847
ILMN_2272074,0.17440800393137312,0.0033277174790234433,0.028558931298137958
ILMN_1793743,0.2377092071862732,0.0033315642562950897,0.028573318198126942
ILMN_1693220,-0.15281495974509784,0.0033356922266447437,0.028590096460793
ILMN_2053679,-0.1647475924411781,0.003339902580968594,0.028607558541608027
ILMN_2352121,0.27296575131372514,0.003350823750480219,0.028682441271178208
ILMN_1692464,-0.2602217121862749,0.0033703662071747375,0.028830975384961287
ILMN_1706246,0.16774737720588195,0.0033750846729387607,0.028852590726778433
ILMN_1814859,-0.17875961998039358,0.0033822380560685995,0.028894979888477036
ILMN_1737394,0.25574284779411816,0.0033881030764046625,0.028926314527151352
ILMN_1730685,-0.10377146664705883,0.003400936972287618,0.02901706755681561
ILMN_1808765,-0.14190470037254865,0.0034078456350575045,0.029040800127793517
ILMN_1773505,0.26977262672549074,0.003410397750603645,0.029040800127793517
ILMN_3236945,-0.16526270387254893,0.0034108129090175917,0.029040800127793517
ILMN_3239937,0.22779559341176547,0.0034125421798478217,0.029040800127793517
ILMN_2378868,-0.1535437507843156,0.0034149142813168494,0.029042213510036382
ILMN_2236655,0.21803900649019559,0.003418415721097244,0.02905322334941589
ILMN_1782729,-0.4056442147254913,0.0034346592606901882,0.02910005098894928
ILMN_1687864,-0.17384536603921585,0.003431287272016206,0.02910005098894928
ILMN_1752895,-0.17032839762744967,0.0034278881958277165,0.02910005098894928
ILMN_3287583,-0.19193768182352855,0.0034371879443840583,0.02910005098894928
ILMN_1759915,0.10703732078431294,0.0034299432546211484,0.02910005098894928
ILMN_1683096,-0.20118905885294147,0.0034366682373650963,0.02910005098894928
ILMN_2190084,-0.19252476161764775,0.003440367901943233,0.029108254131801195
ILMN_1680579,-0.2132535511764715,0.0034434254823790243,0.029115411994553534
ILMN_2208158,0.25007648122549053,0.0034517485373235656,0.029167053590413824
ILMN_1727809,0.17837649652941234,0.0034596743153188273,0.029178907071543525
ILMN_1711453,0.3840046592352939,0.0034581379218140895,0.029178907071543525
ILMN_3247256,-0.13936880509803906,0.003459800527055028,0.029178907071543525
ILMN_1775743,0.12410945745097912,0.0034711465161374184,0.029255853959634516
ILMN_1815578,-0.1557988752549022,0.0034842985267190324,0.02931040901230419
ILMN_1804328,-0.18078519084313616,0.003480283115477361,0.02931040901230419
ILMN_1775304,-0.13323159797058803,0.0034829845144296466,0.02931040901230419
ILMN_1690063,0.26142809485294016,0.0034994447102852533,0.029391023210958954
ILMN_1719303,-0.11386845860784156,0.003508310103588268,0.029391023210958954
ILMN_3267017,-0.21926620399019647,0.0034961361096281815,0.029391023210958954
ILMN_3287068,-0.24636639443137476,0.0035067924411423023,0.029391023210958954
ILMN_1761945,-0.4358287446764715,0.003509509190097036,0.029391023210958954
ILMN_1782057,-0.29971977894117696,0.003508829639653541,0.029391023210958954
ILMN_3235593,-0.15059254918627385,0.00350895184046387,0.029391023210958954
ILMN_1815086,0.2346139446862754,0.003519731789195283,0.029439179799717854
ILMN_1743663,-0.1433313284019606,0.003518918321729737,0.029439179799717854
ILMN_1664398,-0.18410846833333316,0.003526090790081654,0.029473641429476175
ILMN_1725528,0.19039986871568448,0.00352923807657906,0.02948123050644881
ILMN_2109708,0.20477993019607688,0.003533967567785822,0.029502018408307133
ILMN_1696584,0.7904520285686276,0.0035434842321791374,0.029543996147332708
ILMN_1740430,-0.2171228294313723,0.0035420564528597033,0.029543996147332708
ILMN_1756355,-0.1681926286568629,0.0035558623466479177,0.0295440835127211
ILMN_1656822,0.20082439459803947,0.003556959541789817,0.0295440835127211
ILMN_2188333,-0.3925128607450983,0.0035517601091277617,0.0295440835127211
ILMN_2327090,0.21760566691176564,0.0035533263444749844,0.0295440835127211
ILMN_2276811,-0.1655316545686274,0.0035553902491356365,0.0295440835127211
ILMN_1746368,0.17897408467646958,0.0035524047779514584,0.0295440835127211
ILMN_2054607,-0.22765562560784325,0.003560519514811346,0.029555005934736048
ILMN_1732060,0.08670847571568441,0.0035669544063804807,0.029571130201510722
ILMN_3245000,-0.18776020078431266,0.0035665650273200154,0.029571130201510722
ILMN_1692664,-0.2384014422941183,0.0035710400964958787,0.02958637059179877
ILMN_3243055,0.20373232624509718,0.003583656785279399,0.029672227407675025
ILMN_1805175,0.32619460400000033,0.003585916306515068,0.029672274151647308
ILMN_1656042,0.35727702142156925,0.0035964726107313356,0.029736011604985714
ILMN_1719656,-0.18605658641176515,0.0035981364593043862,0.029736011604985714
ILMN_2222880,-0.24918035809804007,0.0036063030879002838,0.029766131756869738
ILMN_1687306,0.4823727704803922,0.0036052524531250143,0.029766131756869738
ILMN_3301824,-0.1742491815392171,0.0036139745577973845,0.029774124849425303
ILMN_1745779,-0.20846747454901937,0.003611877262076404,0.029774124849425303
ILMN_3244506,-0.11994148751960587,0.0036140563242978833,0.029774124849425303
ILMN_1667371,0.2451783154411764,0.0036210885644417756,0.02981340272099811
ILMN_2301624,-0.21015591190196314,0.0036263114704106047,0.029819107125518808
ILMN_3241446,0.2811802370196075,0.0036241114380979825,0.029819107125518808
ILMN_1715968,0.16109811164705867,0.003632810270732383,0.029822892109928032
ILMN_1753312,0.23644326519607795,0.003633567713203537,0.029822892109928032
ILMN_2263054,0.14908018758823438,0.0036308193252962227,0.029822892109928032
ILMN_3236498,0.48246854147058826,0.0036399509264201588,0.029856669125433888
ILMN_2375003,0.21951487709803796,0.0036485948812497,0.029908936246358844
ILMN_1757343,-0.18496962529411753,0.0036532249877518235,0.029909643634174598
ILMN_1724230,-0.14577202391176325,0.0036525344254317023,0.029909643634174598
ILMN_1732318,0.20775429127451073,0.0036565166236180737,0.02991798716589928
ILMN_1669447,-0.2800237243823531,0.003662760525235179,0.02995046106504418
ILMN_1659620,0.14608843315686304,0.0036805251799031115,0.030077041584993462
ILMN_1708164,-0.16359229125490415,0.0036837480955797413,0.030084704515078966
ILMN_1665909,0.12035677098039343,0.003689252312898318,0.030092321375034918
ILMN_1801105,0.13748277587254876,0.003688725206810716,0.030092321375034918
ILMN_2301083,0.25780972971568605,0.0036938798719199513,0.03010177304427923
ILMN_1791896,-0.15864179041176385,0.0036972705668514637,0.03010177304427923
ILMN_1844692,0.19416474228431202,0.003696048659278206,0.03010177304427923
ILMN_1724333,0.25586921432352927,0.0036997973379627853,0.030103728031075444
ILMN_3238435,-0.2887231859019588,0.0037059111908031538,0.030134849182781667
ILMN_3211302,-0.21064418839215726,0.003713553609324427,0.03017835386836795
ILMN_1685095,-0.1689388607058815,0.0037225038538780345,0.030227131160974807
ILMN_1755138,-0.18181037527450883,0.003724147872624469,0.030227131160974807
ILMN_2210601,0.22553767280392378,0.0037378518382006677,0.030319666943876642
ILMN_1736700,0.2844185148333338,0.003745745639026513,0.030364988508487713
ILMN_3249286,0.3951978162549006,0.0037521888770257377,0.030398502502180822
ILMN_1870303,0.223573878362747,0.0037594819559963835,0.030438856058236402
ILMN_1715179,-0.18246834385294086,0.003771119841614309,0.03049315943336332
ILMN_1795715,0.23152133342156844,0.003779851093959339,0.03049315943336332
ILMN_1856861,-0.12982659755882242,0.003781987839105472,0.03049315943336332
ILMN_2233783,-0.22838735450000147,0.0037811420449870704,0.03049315943336332
ILMN_1794588,-0.25629470811764676,0.0037751441768446568,0.03049315943336332
ILMN_3288783,-0.15544910323529404,0.0037822142079009043,0.03049315943336332
ILMN_2241953,0.21212695845098128,0.0037824025335877172,0.03049315943336332
ILMN_1788108,-0.3226912044509813,0.0037919217323282703,0.030551193149389033
ILMN_1749478,-0.19882813272549082,0.0038087597968132457,0.030668087293606348
ILMN_2135798,-0.16514764707843188,0.003820227889171175,0.030741626015243592
ILMN_1711611,0.28001189517646985,0.003824064554105036,0.030753701805004766
ILMN_1770020,-0.23189428150000424,0.0038438671189837594,0.030894084628462267
ILMN_2174081,-0.14499736158823495,0.003849842166959526,0.03092322887615751
ILMN_1680246,0.2318620819705881,0.0038622700332068337,0.03094752585950576
ILMN_1705310,0.0950115233921558,0.003857646217162979,0.03094752585950576
ILMN_1797698,-0.14777366535294245,0.003857058253303285,0.03094752585950576
ILMN_1662719,0.13290065552941321,0.003861521565246085,0.03094752585950576
ILMN_1754304,-0.16137946715686358,0.003880301472173213,0.03107309542649656
ILMN_1805007,-0.16769472917647033,0.003882942766084616,0.031075344386324602
ILMN_1773868,-0.14478830630392103,0.003886463753921487,0.031084626561589532
ILMN_1786105,-0.1687236010294102,0.0039000847960723923,0.031127951411545386
ILMN_1836309,-0.19844124292156984,0.0038984270979835465,0.031127951411545386
ILMN_1741459,-0.23989903223529296,0.0039013383842802806,0.031127951411545386
ILMN_2383305,-0.15371944777450874,0.003899993027572993,0.031127951411545386
ILMN_2413508,0.20322072473529484,0.003905492029819624,0.03114221839647205
ILMN_2353240,0.3040476163333343,0.003910864964143447,0.03114733046155383
ILMN_1718672,-0.16873046046078244,0.003909393357834847,0.03114733046155383
ILMN_1737089,-0.22524119917647045,0.0039144577101535875,0.03115709537737121
ILMN_1653203,0.15489038712745096,0.003920983855441808,0.0311901827534087
ILMN_2112049,-0.25603923056862854,0.003930039885428372,0.03124334244665732
ILMN_3235832,-0.5343378765098059,0.00394003960848703,0.03127984545179168
ILMN_1758673,0.19500636558823548,0.003940208313434456,0.03127984545179168
ILMN_2067370,-0.20396302542156874,0.003941759483822438,0.03127984545179168
ILMN_3298511,-0.19048563651960837,0.00394793379474483,0.03130996892037089
ILMN_3226495,0.2057657718431365,0.003950734907841923,0.031313320326152264
ILMN_1768870,0.12782477996078434,0.00395519441705069,0.031325029264039496
ILMN_1711048,0.10762056591176528,0.003957424306973106,0.031325029264039496
ILMN_2309180,0.2312092202549012,0.003959350451603625,0.031325029264039496
ILMN_2270443,0.2933406296078429,0.003962945390449463,0.03133464027943975
ILMN_1695092,0.22950865232353035,0.0039657881665644676,0.03133829604611117
ILMN_1687538,-0.2505793313627471,0.003970088732391343,0.0313534602051182
ILMN_2150802,-0.16819268729411796,0.003978002639322077,0.03139712514788677
ILMN_1753393,-0.13967101816666538,0.003983269807179442,0.03141986040234713
ILMN_1814039,-0.11871943392156759,0.003997290895969274,0.0315115776319973
ILMN_3263918,0.19438749191176452,0.004012023177085856,0.0315742058803807
ILMN_1654421,-0.15115835455882287,0.004012430416853545,0.0315742058803807
ILMN_1660579,0.18955168087254926,0.004009434318117997,0.0315742058803807
ILMN_2322498,-0.2789967205392161,0.004029461341044099,0.0316892822908277
ILMN_1665217,0.31139317378431297,0.004042263113403845,0.03177098142564873
ILMN_3297126,0.33463238976470544,0.004052101613986165,0.03182930653229586
ILMN_1672022,-0.17399339447058892,0.0040592634784166175,0.03186654960844053
ILMN_1716730,-0.1427623282843129,0.004069874125358203,0.03191800293936184
ILMN_1738449,-0.17386666941176365,0.004070666687063314,0.03191800293936184
ILMN_1666924,0.22349419347058852,0.0040770919508946865,0.031949354484243186
ILMN_1715324,-0.22282632813725467,0.004089640889880802,0.03202862719528897
ILMN_1763460,-0.16097618846078632,0.0040928321193993015,0.03203105043872746
ILMN_1678808,-0.14484764156862795,0.004099434354587784,0.03203105043872746
ILMN_2081988,-0.19808622990196145,0.004099682490638495,0.03203105043872746
ILMN_1811579,0.2707538261960787,0.004095323328892488,0.03203105043872746
ILMN_2100209,-0.7730654844215685,0.004104959439270168,0.03203425667930751
ILMN_2142554,-0.17406827749999998,0.004104707864506215,0.03203425667930751
ILMN_2111229,-0.24245605802941217,0.004110647022226174,0.03205963746896184
ILMN_1723536,-0.15338973001960898,0.004118314700364981,0.0321004221612226
ILMN_1722905,-0.1246723068039195,0.004129765225423244,0.03211362031464678
ILMN_1813604,-0.16943689198039014,0.004128076852797043,0.03211362031464678
ILMN_1667356,0.11342264782352984,0.004125089447769818,0.03211362031464678
ILMN_1785615,0.35698274309803946,0.004128869469713976,0.03211362031464678
ILMN_2228180,0.2196925564019594,0.004133524206885297,0.032123876141466896
ILMN_1667925,-0.16959058832352714,0.004138647667396764,0.03214471772346809
ILMN_1671818,-0.7160097855392156,0.004147542102870983,0.03219480647658991
ILMN_1753716,-0.15295624643137273,0.0041507335485393764,0.03220059349824449
ILMN_2368713,-0.1455610105196099,0.004155880167225341,0.032221532627515675
ILMN_3307930,-0.17707392763725238,0.0041648515434469435,0.0322251750919893
ILMN_1691949,-0.24594131201960856,0.004165197425795315,0.0322251750919893
ILMN_1657612,-0.19303745921568272,0.004161369951814868,0.0322251750919893
ILMN_1737398,-0.19969860644117876,0.0041661411322875645,0.0322251750919893
ILMN_1712088,-0.21818725795098004,0.004173154318727259,0.03226046776632083
ILMN_1813650,0.11779083668627344,0.004177240583986459,0.03227310580292355
ILMN_1685551,-0.12613860855882653,0.004184131485662338,0.03230738475586198
ILMN_1810093,0.3081023190686283,0.004195130970682758,0.03237332897364508
ILMN_3246766,-0.21840184703921395,0.0042009623029754676,0.03239933726928648
ILMN_1748819,-0.1312909967156859,0.004212626096535468,0.032470270820192874
ILMN_1789074,0.20494893707843254,0.004224415208733461,0.03248766817665108
ILMN_3308138,0.479050132794117,0.004221288932915739,0.03248766817665108
ILMN_1685679,0.20397681041176607,0.004227972944393805,0.03248766817665108
ILMN_1668039,-0.22015639764705952,0.0042183677013557614,0.03248766817665108
ILMN_3251227,0.15476230365686305,0.004232245436294067,0.03248766817665108
ILMN_1655922,-0.16023754123529343,0.004229598257856914,0.03248766817665108
ILMN_1690920,0.2555055489019624,0.004232858894818206,0.03248766817665108
ILMN_1783350,0.1491857641960781,0.004234625035407008,0.03248766817665108
ILMN_1761387,0.25519630744117583,0.004249321222951935,0.032581429178894714
ILMN_1697309,0.28860481086274525,0.004255018651827112,0.03260612372020019
ILMN_1800976,-0.16869309900980411,0.0042672783289862065,0.03268104665567389
ILMN_3307935,-0.13541976885293927,0.0042725917306897015,0.03269570651098787
ILMN_1669599,-0.13805972005882428,0.004276643115223783,0.03269570651098787
ILMN_1801403,-0.19814460182352978,0.004275730506925103,0.03269570651098787
ILMN_1738523,0.17472297241176626,0.004282755891863674,0.03272343663168036
ILMN_1798360,-0.24290973243137337,0.004286407891036861,0.03273234332105585
ILMN_1767722,0.10710135325490189,0.004294036775472283,0.032771590811068174
ILMN_1773119,-0.19256029871568536,0.004297638800557105,0.03278007810506042
ILMN_1786024,-0.19019292746078342,0.004307671720375171,0.032837578574834464
ILMN_2348487,0.31788091844117616,0.00432149492437997,0.03292388928209624
ILMN_1852793,-0.17402948585294187,0.004326910148519185,0.03294607987579819
ILMN_1798620,0.12153601905882461,0.004344812213328715,0.03306326750778759
ILMN_1785765,0.13324908250000078,0.004349635492853389,0.0330732118980431
ILMN_1706523,0.3593609119803922,0.004351143411121204,0.0330732118980431
ILMN_1756162,-0.20229420056862768,0.004360744476519471,0.033107959073459536
ILMN_1716583,-0.17825048871568594,0.004358380821445073,0.033107959073459536
ILMN_1721113,0.5708763195882334,0.004373540879360808,0.03312928551876485
ILMN_1771048,-0.22410673706862916,0.004373619311174578,0.03312928551876485
ILMN_2376289,0.1429239438823524,0.004371396110400187,0.03312928551876485
ILMN_1796642,0.18863318388235584,0.004371959746567137,0.03312928551876485
ILMN_1695362,-0.17151296729411936,0.004380437187823783,0.03316184909585975
ILMN_1738482,-0.14400254082353037,0.004387821991959486,0.03319866466904979
ILMN_3268028,-0.16094174986274457,0.004392258598261517,0.033213144426256676
ILMN_1770290,0.1819772180000001,0.0043968330137619995,0.03322864903913704
ILMN_1673991,-0.1931674949509805,0.004406982072585852,0.033278929367688365
ILMN_3201517,-0.13059708176470863,0.004411069635139856,0.033278929367688365
ILMN_1721127,0.31873167223529464,0.004408649632590014,0.033278929367688365
ILMN_1738356,-0.18109746049019648,0.0044270941500039185,0.03336158814241648
ILMN_1752285,-0.20799984143137173,0.004426663168555907,0.03336158814241648
ILMN_1752589,0.07756105832353022,0.004431175185409843,0.033373238739085
ILMN_2125562,0.2199961131274515,0.0044357713038897595,0.03338875312504785
ILMN_3290298,-0.1967563074215697,0.004440442869758203,0.03340481736020957
ILMN_1767747,-0.09149193999019634,0.004444005347862391,0.0334125245029174
ILMN_2059549,0.17203095675490232,0.004457186515394436,0.03343842831916258
ILMN_1808322,0.15082484241176441,0.004460150408541548,0.03343842831916258
ILMN_1695435,0.4525593672941186,0.004455432803868684,0.03343842831916258
ILMN_2043816,-0.16118063757842993,0.004455282206110163,0.03343842831916258
ILMN_2092756,-0.166115276352941,0.004459105121300624,0.03343842831916258
ILMN_1700025,0.15260189682352898,0.004463656446062026,0.03344566711007773
ILMN_2390227,-0.18115916634313844,0.004471618672041814,0.03348626838306626
ILMN_1793371,0.12284523715686113,0.004474273515143629,0.03348710109543256
ILMN_1742541,-0.14122987507843288,0.00449611656955142,0.033614593314999004
ILMN_1710923,-0.2012713982058818,0.004498755691025559,0.033614593314999004
ILMN_1716816,-0.08029057539216211,0.00449896797729041,0.033614593314999004
ILMN_3200322,-0.1631948173333324,0.0045070762620874,0.03363699489250602
ILMN_2403889,0.2253067174509802,0.004506330606573009,0.03363699489250602
ILMN_1749345,0.09269829066666802,0.004516208781124567,0.03368605586600846
ILMN_1655961,-0.2467409985196074,0.004518882377868164,0.03368691195052909
ILMN_1709549,0.17106390335294197,0.004524341979020698,0.03370852413911007
ILMN_3228529,-0.161366650735296,0.00452905312100969,0.03372453865276729
ILMN_1703330,0.1425554902254902,0.004533396166662685,0.033737795666542815
ILMN_3211906,-0.2503913707450991,0.00453862410909039,0.033757619432867224
ILMN_2103295,-0.1893826070490192,0.004548156991799591,0.033790342436253736
ILMN_1796762,-0.2625034738921581,0.00454582753143597,0.033790342436253736
ILMN_2228732,0.21130582921568397,0.004553484755547004,0.03380674793671105
ILMN_2381841,-0.13047649288235075,0.004555501013271963,0.03380674793671105
ILMN_2386818,-0.19254990966666696,0.004570317487100746,0.033862082556223715
ILMN_1667670,-0.1618534595686274,0.004570673809525982,0.033862082556223715
ILMN_1701875,0.18187438311764836,0.004569949612594754,0.033862082556223715
ILMN_1670875,0.17751331491176447,0.004586023644091288,0.033937606112682296
ILMN_1704014,0.21360407400980375,0.004585941575173232,0.033937606112682296
ILMN_2349600,0.14882633480392382,0.00459922260801635,0.033939891050748454
ILMN_1663916,0.1989158170294143,0.004595888903450661,0.033939891050748454
ILMN_1687107,-0.16217148966666706,0.004589893627999314,0.033939891050748454
ILMN_1687092,0.1171633561568628,0.004597591906052361,0.033939891050748454
ILMN_1777190,0.4160617347156865,0.004592991615497427,0.033939891050748454
ILMN_2103547,-0.3521286633333318,0.004616435008989315,0.03404782459010887
ILMN_1741003,0.20936217413725622,0.0046235572834694445,0.03408126071493574
ILMN_2405602,0.2957009263725494,0.004627407664952257,0.03409055506944402
ILMN_1658460,-0.1573863460098046,0.004637799906195069,0.03414284234658651
ILMN_2405031,0.17918598424509913,0.0046396919831403925,0.03414284234658651
ILMN_2164081,0.11235390563725467,0.004648678371757855,0.03417077094594761
ILMN_2379130,-0.11422407419607605,0.004647787645129786,0.03417077094594761
ILMN_1764239,-0.13142054368627498,0.004657186051905442,0.034214204449405775
ILMN_1687998,0.17311876099019496,0.004673819301885171,0.03429812213451409
ILMN_2075436,-0.18897592104902028,0.004671554026839088,0.03429812213451409
ILMN_1737314,0.2563504723137253,0.004686416690738604,0.03437082299023038
ILMN_1697227,-0.2946800266078444,0.0046889478230500384,0.03437082299023038
ILMN_2354478,-0.1986637076666664,0.004693170580307107,0.034382632548549286
ILMN_1767514,-0.19071263600000066,0.004701768124879064,0.03442646127031862
ILMN_1733221,0.26510276250980525,0.004709008658568999,0.03446031072265751
ILMN_1652407,-0.13111205705882067,0.004713655905835523,0.03447515555573592
ILMN_1797793,-0.24124652126470547,0.004731210781413647,0.03458433644492541
ILMN_3248157,-0.18518360122549105,0.004737292683647676,0.03459344783678129
ILMN_1796165,-0.1484514682450957,0.004737712605371566,0.03459344783678129
ILMN_3237589,-0.14666875546078373,0.004744262908550221,0.034622073830966556
ILMN_1651684,-0.1454578947843128,0.0047582643101243115,0.034705013652513335
ILMN_1655244,-0.18756324709803973,0.004762837683111362,0.034708851427490466
ILMN_1778173,-0.15385564821568565,0.004764063390009515,0.034708851427490466
ILMN_1729533,-0.1898063488333328,0.004792190945041702,0.034894465592629424
ILMN_3307733,0.14867177143137233,0.004797795562089638,0.03491596383356003
ILMN_2383097,-0.13268048539215904,0.004807549252009572,0.034958357079056625
ILMN_1675085,-0.14346298727450968,0.0048089316118626315,0.034958357079056625
ILMN_1811955,0.17939919123529702,0.004812664522266666,0.03496618567088337
ILMN_1690939,0.32880254535294107,0.004840839281700423,0.03509341913193065
ILMN_2141941,0.15555170915685856,0.0048388587673863555,0.03509341913193065
ILMN_3245413,0.21574455260784298,0.004837111126909962,0.03509341913193065
ILMN_1765061,0.3142335181176463,0.004834759342328958,0.03509341913193065
ILMN_1811648,-0.16787014903921538,0.004873753141916308,0.03524188040500935
ILMN_2337241,-0.13908774147058978,0.004868795540016815,0.03524188040500935
ILMN_2185675,-0.2245073737450971,0.004874702940943564,0.03524188040500935
ILMN_1767320,0.1966244805588211,0.004869104201672947,0.03524188040500935
ILMN_1682699,-0.24594846197059006,0.004869966709967736,0.03524188040500935
ILMN_2056687,0.1560576725490206,0.004881841681540433,0.03527411950465412
ILMN_1753534,-0.1946733870588222,0.004891091534588836,0.035321568871564464
ILMN_1723978,-0.22373552583333378,0.004901790730596343,0.035379427065954414
ILMN_2405797,0.3502666641960799,0.004905527143435228,0.035386994434698504
ILMN_1683498,-0.08476051794117545,0.004921170055842449,0.03546500647871386
ILMN_2095133,-0.18120836738235457,0.00492172934573568,0.03546500647871386
ILMN_1683660,-0.15007640948039125,0.004927826050174578,0.035470109322333694
ILMN_1862909,-0.25089131688235344,0.004926346846981708,0.035470109322333694
ILMN_1726591,0.26977528614705903,0.004934867184282569,0.03548232742887965
ILMN_3241657,-0.3215930111176464,0.004934913902185995,0.03548232742887965
ILMN_2180624,0.14359445543137195,0.004938643742960332,0.03548976248693928
ILMN_1734149,-0.19556866489215885,0.004953112376623977,0.03555492063154561
ILMN_2044617,-0.16160763299999914,0.004951801052452746,0.03555492063154561
ILMN_1734190,-0.18476754161764664,0.004986208741074539,0.035772990777245946
ILMN_1712320,-0.11849571709803985,0.004990203274577065,0.03578214929728053
ILMN_1737124,-0.18356278594117548,0.005005110411320342,0.03582158147317541
ILMN_2163796,-0.14633807746078542,0.00500658639655471,0.03582158147317541
ILMN_1678268,0.1738346330294105,0.005002915833797542,0.03582158147317541
ILMN_1668960,0.21190252331372506,0.005004347273938935,0.03582158147317541
ILMN_1737588,-0.15295078183333288,0.0050115074929279356,0.035837314581421115
ILMN_1773760,-0.18207416671568755,0.00502153414357946,0.03588952062987166
ILMN_3225761,-0.2164891583725499,0.005029585146678433,0.03592755749105891
ILMN_1780861,0.15651310038235344,0.00503260127128732,0.035929607232373956
ILMN_1679185,-0.41540626731372754,0.0050417729709858776,0.03597557786614042
ILMN_1664922,-0.23701015455882324,0.005046242342207354,0.03598796339932818
ILMN_3308265,-0.400393519990196,0.005060386182797353,0.03606929295967902
ILMN_1786718,-0.14543779531372447,0.005072747182256322,0.03607481098613605
ILMN_1769091,0.1324109008823502,0.0050739221132913214,0.03607481098613605
ILMN_2411282,0.16942310498039248,0.005074861370780399,0.03607481098613605
ILMN_1684038,0.17035595494117572,0.005064550239247925,0.03607481098613605
ILMN_3216125,-0.2343835022352927,0.005071325247053883,0.03607481098613605
ILMN_1740737,-0.13547642056862763,0.005080736921036551,0.03609708665161694
ILMN_1700306,-0.2406375995686263,0.005083784710267737,0.03609925874362177
ILMN_3210946,0.18003274590196128,0.005102207637188197,0.03621054638468066
ILMN_2395728,-0.14428452101960865,0.0051133556204323435,0.03627011139169817
ILMN_2326512,0.20326118029411688,0.005131133603737912,0.036376614912875395
ILMN_2361807,0.16739157742156863,0.005143992350507041,0.03637672598981497
ILMN_2081682,0.17323821519607918,0.005136409980031087,0.03637672598981497
ILMN_1651429,-0.16824512220588161,0.005147728106268537,0.03637672598981497
ILMN_2351638,-0.2071231526666688,0.005141846334520516,0.03637672598981497
ILMN_1734483,0.11231422109803813,0.005141902967502859,0.03637672598981497
ILMN_1794782,0.36989964350000015,0.005146057068444066,0.03637672598981497
ILMN_1682717,0.27748473939215756,0.005158295791131503,0.03640800685193068
ILMN_1687351,0.11887030556862577,0.005157742776197887,0.03640800685193068
ILMN_2359601,0.18610240299999958,0.005160451256035142,0.03640800685193068
ILMN_1700074,-0.17603823909803928,0.005175226868707912,0.0364418705986167
ILMN_1692049,0.1339951014607843,0.005173787700819202,0.0364418705986167
ILMN_1688606,0.14998500182352892,0.005176323434820602,0.0364418705986167
ILMN_1804419,0.1390785938333341,0.005170630737703313,0.0364418705986167
ILMN_1707858,0.10689053196078468,0.005190130418771671,0.036519544074360796
ILMN_1804601,-0.44002112796078396,0.005204353566628166,0.03660006127385674
ILMN_1678140,-0.15942887135294193,0.005214325345736537,0.03665061034523305
ILMN_1807596,0.18021468821568654,0.0052174534061603835,0.036653027797279324
ILMN_2393144,-0.12944767631372756,0.005240913807674283,0.03679439692099531
ILMN_1749868,-0.20479190913725454,0.0052431666254300945,0.03679439692099531
ILMN_1657451,-0.20834847069607765,0.005251512713395368,0.036824650374943126
ILMN_2379718,0.17074609383333517,0.005253072039813384,0.036824650374943126
ILMN_3297898,-0.17974937646078537,0.005267632362110281,0.036907067614253254
ILMN_1688818,-0.1236496243333356,0.005271710265667762,0.03691599236570004
ILMN_1750144,0.1267213476764688,0.0052746692418192374,0.03691707632565139
ILMN_1658383,0.34155451752941257,0.005281877655628358,0.03694788487584874
ILMN_1700487,0.1486245968235309,0.005292050551176192,0.03699938688594507
ILMN_2330966,0.17828230484313679,0.005304616098102567,0.03706755357299378
ILMN_2200503,-0.15298575063725295,0.005310685574635718,0.03709027882762824
ILMN_1668910,0.18429097459804034,0.005313805100920375,0.03709238820446274
ILMN_2400759,0.2670762135686289,0.005319708361737581,0.03709509277268
ILMN_1724207,0.1837970099019608,0.005325565386774318,0.03709509277268
ILMN_1813544,-0.14368270364705804,0.0053250702626306415,0.03709509277268
ILMN_3200539,-0.2617027685882354,0.0053282810811346665,0.03709509277268
ILMN_1783956,0.193512252490196,0.005320829321051617,0.03709509277268
ILMN_1880611,0.45706740035294047,0.005337113933263672,0.037136947638169264
ILMN_1792669,-0.14270834728431403,0.005349044523778916,0.03714144048288472
ILMN_1716276,-0.40513243492156725,0.0053482308224632015,0.03714144048288472
ILMN_1799208,0.19885830992156883,0.0053484679579277,0.03714144048288472
ILMN_3201975,-0.2523876075686271,0.005346586625793656,0.03714144048288472
ILMN_2137536,-0.17807684601960805,0.005354247467197992,0.0371579693756782
ILMN_1706764,0.18007423571568637,0.0053639579349231865,0.037205746160834434
ILMN_3251526,-0.1881375648039203,0.005366990816542604,0.03720717962073901
ILMN_2145518,-0.1202735989215693,0.005378366666769938,0.03726641956211907
ILMN_3247645,-0.17066861521568732,0.005381543397936577,0.037268815798966355
ILMN_1815306,0.14969693362744962,0.005390661178475276,0.03729612930336513
ILMN_2114876,-0.08805423450980499,0.0053911533660694145,0.03729612930336513
ILMN_1897310,-0.1484644186274524,0.005395577070737599,0.03729809587551232
ILMN_3234547,-0.17080523128431313,0.005397103884758904,0.03729809587551232
ILMN_1809010,-0.13293867163725626,0.005403567889268124,0.03732317484901094
ILMN_1672006,-0.16005958777451035,0.005406770074602253,0.03732570950820066
ILMN_1773063,0.24682932523529377,0.005415599808217079,0.037345607887470995
ILMN_1652777,0.28004528253921546,0.005418162633123403,0.037345607887470995
ILMN_1652082,0.14730958942156747,0.005413397942849853,0.037345607887470995
ILMN_3240838,-0.16718378782352872,0.00543920352295127,0.0374327748872546
ILMN_1687440,-0.2141489020000007,0.005439339032230767,0.0374327748872546
ILMN_1666482,0.11660839323529437,0.00543564444716331,0.0374327748872546
ILMN_1748831,-0.22602750180392128,0.0054436646584841725,0.03744084606443627
ILMN_1738093,-0.18300181127450976,0.005446199788332355,0.03744084606443627
ILMN_1699737,-0.16342702101960693,0.00545351737065713,0.03747158464754755
ILMN_1725787,0.15470114555882475,0.005459762038181722,0.037494922917403424
ILMN_1714393,0.20903934763725562,0.005475048900610902,0.03758030176044971
ILMN_1784467,-0.2046760500392173,0.005484415102257814,0.037624973851601934
ILMN_1852384,0.13278385258823544,0.0054928477463005885,0.03766319821877461
ILMN_3226875,-0.24517987533333319,0.005507218598614343,0.037742078527203446
ILMN_1810423,-0.1350751216078443,0.005511075331122006,0.037748858862758174
ILMN_1725071,-0.13474872966666673,0.005515245077001607,0.037757775059139964
ILMN_1724422,0.2525485507647076,0.005528076494096057,0.037816931632018776
ILMN_1757702,-0.2110177943921574,0.005535376168241563,0.037816931632018776
ILMN_1782890,-0.11486100803921495,0.005535197903811576,0.037816931632018776
ILMN_1692121,-0.0957460273921571,0.005531687821418557,0.037816931632018776
ILMN_1730658,-0.1314643851568622,0.00554235426259924,0.03782534674293365
ILMN_1786039,0.10005358047058976,0.005539667829451385,0.03782534674293365
ILMN_1786532,0.15852856291176387,0.005549177130029042,0.037852288557944216
ILMN_1779965,-0.24052805828431367,0.00555302058961809,0.03785888972673338
ILMN_1764788,0.12895807303921636,0.005566089049994654,0.03786954126262513
ILMN_1664682,0.13269505298039164,0.005565712278423015,0.03786954126262513
ILMN_1798233,0.2583157891176482,0.00556561961351535,0.03786954126262513
ILMN_1798804,0.2963011508137239,0.005561035219997115,0.03786954126262513
ILMN_1768181,0.14270433100000002,0.005573337219622033,0.037899268851407056
ILMN_3247187,-0.1757684780294113,0.005577362743666839,0.03790706273638303
ILMN_1726327,0.1718365672647062,0.005603314549678031,0.038063795689634305
ILMN_2186597,-0.15376463693137232,0.00561313389392696,0.03811083430301621
ILMN_1794017,0.16853155295097988,0.005631788775772441,0.03821778310981659
ILMN_1789387,0.2245500253921584,0.00564237600149544,0.03825019570529736
ILMN_3201643,-0.1570673725784344,0.005640238370931734,0.03825019570529736
ILMN_3198499,-0.2954646107156851,0.005663221058974249,0.03837174742223159
ILMN_2115696,0.12458471886274491,0.00567925415761753,0.03844081284577623
ILMN_1701947,0.25847453781372653,0.0056772786734493865,0.03844081284577623
ILMN_1737585,-0.18334849727450742,0.005686482147516327,0.03845515134011839
ILMN_1710000,0.269819258411764,0.0056872145582385495,0.03845515134011839
ILMN_1801119,-0.23261400522549192,0.005690995392531892,0.0384609621882353
ILMN_1748077,0.11876273136274484,0.005698049816698493,0.03848887934162938
ILMN_1726421,0.1728360388431378,0.005737042900859968,0.03873239476401101
ILMN_2346573,0.1192227989803909,0.005740627972517452,0.038736733602353794
ILMN_2210934,-0.22130963385294145,0.005750675615787433,0.03878465393536965
ILMN_1719985,-0.09869687537254812,0.005767095290172713,0.03887069484539946
ILMN_1709937,0.1607278615588239,0.005769338224679875,0.03887069484539946
ILMN_1743583,-0.12138699312745072,0.0057835099709830995,0.03892633372596754
ILMN_1789492,-0.20579792439215616,0.005781051233408278,0.03892633372596754
ILMN_1676842,-0.13946234671568636,0.005816000637212947,0.039113842405045667
ILMN_2221006,-0.2124982783235314,0.005817311312501286,0.039113842405045667
ILMN_1793651,-0.14665610116666628,0.005826920828024097,0.039158038606912325
ILMN_2347349,-0.13446241191176522,0.005829833320892377,0.039158038606912325
ILMN_1656335,0.19980840229411623,0.005836270562653922,0.039181286056776586
ILMN_2110829,-0.2835702341666648,0.00586157613183312,0.03933111609356933
ILMN_1752159,-0.19491232818627502,0.005867639044105547,0.039351741220402206
ILMN_1792825,-0.14025084948039268,0.0058829813758494555,0.03943454674799292
ILMN_1797776,-0.3447681025098026,0.005909203480747765,0.0394852363068722
ILMN_1663002,-0.11964658614705925,0.005911093102596199,0.0394852363068722
ILMN_1683178,0.21702591403921634,0.00591153822718155,0.0394852363068722
ILMN_1750661,-0.13019359301960787,0.005903252933367103,0.0394852363068722
ILMN_1679520,0.16769332763725586,0.005909575286299557,0.0394852363068722
ILMN_1754272,-0.1370273688039214,0.005895276420817128,0.0394852363068722
ILMN_2080637,-0.14869520967647265,0.005904018269736177,0.0394852363068722
ILMN_2165473,0.15813557120588317,0.005923037484686641,0.03952194043887462
ILMN_1761147,0.11553486037255034,0.005921243898731117,0.03952194043887462
ILMN_2302716,-0.1832367586470589,0.005934706014482037,0.03957973894663425
ILMN_1671281,0.19423128588235272,0.005941077573186354,0.03960217025367005
ILMN_1689652,-0.15690306151960876,0.0059501074426911195,0.03964228971813188
ILMN_1773901,0.11608221235293925,0.005970800186362573,0.03976003260165062
ILMN_1766010,-0.15888751900980402,0.005977546672475375,0.039784834147188225
ILMN_1715273,0.16298061185294088,0.005990952036619126,0.03985390781308277
ILMN_1687922,-0.18907637158823398,0.005996679341417565,0.03985554839653961
ILMN_1656662,-0.1549214911764718,0.005997253427538547,0.03985554839653961
ILMN_1745112,-0.29233805152941095,0.006022613582657666,0.0399434296300696
ILMN_1723944,-0.3470118526372552,0.006017300438223401,0.0399434296300696
ILMN_3197732,-0.18105167204902095,0.006022447047220505,0.0399434296300696
ILMN_1807662,0.21131190264705957,0.006020726963136068,0.0399434296300696
ILMN_1687315,0.1512310598823543,0.00605313911552822,0.04010565151502557
ILMN_1708779,-0.36494448860784345,0.006053165936981072,0.04010565151502557
ILMN_2296697,0.18695860979411627,0.006074564088127469,0.04021407018222177
ILMN_1721922,0.15558650570588295,0.00607563886004095,0.04021407018222177
ILMN_2331266,0.16919307274510054,0.006090670491419051,0.04029330503494061
ILMN_1696027,-0.12311086679411964,0.006119743688084142,0.040465306706995344
ILMN_1801928,0.11273471905882282,0.006144681252542301,0.04059027214750519
ILMN_1690682,0.1850222740196079,0.006144809144700179,0.04059027214750519
ILMN_1779214,-0.1833580342843142,0.006159764171686816,0.04066865362099144
ILMN_2414762,0.19571771921568715,0.006169290300876147,0.04071113123360125
ILMN_3238818,-0.1417675910784304,0.0061758641778478,0.04073409413896107
ILMN_1674506,0.11750633989215675,0.006183291478913032,0.040762116402413
ILMN_1695025,-0.2916975188039217,0.006186305246640424,0.040762116402413
ILMN_1778977,0.12669061078431199,0.006191365352925482,0.04077504996061229
ILMN_1665148,-0.22063653585294318,0.0062118190193456175,0.04088929869484253
ILMN_1807201,-0.09577909272548979,0.006224254526519002,0.04095068008077095
ILMN_3236156,-0.15089785081372575,0.006240351245847986,0.04103607599979457
ILMN_3274045,0.3175368428431389,0.006244275656105848,0.04104138243266774
ILMN_1780141,0.11022583225490301,0.006248675350574166,0.04104376984488928
ILMN_2284998,0.2731332774313717,0.006250874176908697,0.04104376984488928
ILMN_1742260,0.20827905365686394,0.0062690658094191245,0.04114269759770826
ILMN_1821280,-0.21747480255882312,0.006285655819178521,0.04123102085674401
ILMN_1779010,0.1635526892745105,0.006296727260325358,0.04128307489152557
ILMN_1768127,-0.13615671877450986,0.006309999646821037,0.04130837660387814
ILMN_1671568,-0.26689134996078234,0.006305467445619143,0.04130837660387814
ILMN_1695576,-0.15947827432353012,0.00630969371647765,0.04130837660387814
ILMN_1714527,0.15909853800980223,0.006314362908090035,0.04131639546968455
ILMN_2059505,-0.11979670509803775,0.00631809753897448,0.04132029513194189
ILMN_1723768,0.2164073158725488,0.006336616239160545,0.041379738486383225
ILMN_2198893,0.14729865914705886,0.006334613052587963,0.041379738486383225
ILMN_2333766,-0.1632810981078423,0.006332511346880827,0.041379738486383225
ILMN_2313158,-0.1344164708431368,0.00635529107693088,0.0414811140445191
ILMN_1758105,0.15595264488235383,0.00636418015914907,0.04149798503972141
ILMN_2063925,-0.12913622707842976,0.00636283658521184,0.04149798503972141
ILMN_1651850,-0.08304605921568609,0.006383983548343718,0.041550972972445026
ILMN_1654630,0.2084443964019611,0.006384931129757409,0.041550972972445026
ILMN_1760400,0.11338456668627472,0.006380504389256016,0.041550972972445026
ILMN_1684258,-0.11350383392156793,0.006384152021604676,0.041550972972445026
ILMN_2255310,-0.20452910507843214,0.00639417424243229,0.04159056516878513
ILMN_1654586,-0.1446454311568619,0.006412224793696316,0.04166680128776505
ILMN_2372915,0.27020894286274544,0.006409439478959496,0.04166680128776505
ILMN_3261345,-0.15366009333333253,0.0064256684407898584,0.04173355945880537
ILMN_1657455,0.2567288089509816,0.006431805317420803,0.04175107567199786
ILMN_2096012,-0.2214663722941177,0.006434708130534269,0.04175107567199786
ILMN_1709042,0.1102258502352953,0.006441562718955043,0.041774962165045885
ILMN_1670901,-0.13144960334313627,0.0064513777087715435,0.04181801454257871
ILMN_3182762,-0.23370976016666667,0.006457672582538931,0.04183821828204972
ILMN_1683044,-0.16634877367646883,0.006465318213103125,0.041867149176341684
ILMN_2220739,0.1955859028627449,0.006472883824558211,0.04188046454397525
ILMN_1685855,-0.1566519930588246,0.00647579032714654,0.04188046454397525
ILMN_3199609,-0.11476504034313706,0.006476918025942546,0.04188046454397525
ILMN_1686553,-0.19856413087254854,0.006488585082372971,0.04193530810478162
ILMN_1782741,0.18805096480392258,0.006491836107723313,0.04193573226603406
ILMN_1750507,-0.12933742676470494,0.0064970494780322435,0.041948826080576006
ILMN_1702247,0.12535329254901661,0.00650195524591999,0.04195992196692974
ILMN_2224833,0.10469838135294207,0.006506833768858841,0.04197083124303118
ILMN_3287093,-0.18654442196078413,0.006512665966062812,0.041987878277775184
ILMN_1782129,-0.1464265417450985,0.006529023664274587,0.04205885441568716
ILMN_1678238,-0.5645695459607829,0.006530064445549909,0.04205885441568716
ILMN_1703123,-0.3750479505000026,0.006535596784828254,0.04207390301822199
ILMN_1770425,0.12079185868627551,0.00654530104514737,0.04209520677057407
ILMN_1658283,-0.15368531264705787,0.006542794036340733,0.04209520677057407
ILMN_1784753,0.12392039422548962,0.006552360333746006,0.04210008139465169
ILMN_1694491,-0.11239992993137093,0.006552454749535991,0.04210008139465169
ILMN_2307455,0.09020297424509938,0.006558531094304801,0.042118566759279365
ILMN_1754234,-0.20549346485294073,0.006579095266625132,0.04220944892062371
ILMN_1723433,-0.3920418217156856,0.006576347132787512,0.04220944892062371
ILMN_1800659,0.15391463026470475,0.0065929579994258615,0.04227778473572404
ILMN_1784428,-0.18620812782353013,0.006596869509851385,0.04228227219921786
ILMN_2087060,-0.15647497460784443,0.006601339670564003,0.04229033419122876
ILMN_1708101,-0.1497235580098044,0.006619404868147841,0.042303138392799186
ILMN_1807423,0.2633665907450977,0.00661696025484945,0.042303138392799186
ILMN_1705407,-0.2040247021862749,0.006617600282810503,0.042303138392799186
ILMN_3220888,-0.24376972862745028,0.006616268340135537,0.042303138392799186
ILMN_1726989,-0.14205099356862672,0.00661632214064046,0.042303138392799186
ILMN_2312296,0.07785186852941095,0.006624697553086436,0.042316420808531256
ILMN_2161286,-0.16952310547058858,0.006630490913801173,0.0423328869448072
ILMN_2052163,0.13598810066666722,0.006637942217762388,0.04233939403916756
ILMN_1719906,-0.15444173197058841,0.0066354665920798,0.04233939403916756
ILMN_1659771,-0.13412199558823623,0.006649766384056561,0.04239427333951798
ILMN_2388605,0.09882818147058536,0.006655867346088364,0.04241263001512745
ILMN_3241670,0.1538660317058813,0.006672874005491392,0.042500428777113776
ILMN_2230624,-0.09139935549019462,0.0066942207086984114,0.042562677501659894
ILMN_1681325,0.15684495256862796,0.006695579575080717,0.042562677501659894
ILMN_1711904,0.23105863215686284,0.006692765637573434,0.042562677501659894
ILMN_2131861,-0.23638490449999772,0.006690975310437007,0.042562677501659894
ILMN_1702177,-0.15188988800000125,0.0067062132114183055,0.04260969928973069
ILMN_1763823,0.4761028633823532,0.006728851089875379,0.04271669763341252
ILMN_1768867,0.10474781413725331,0.006729542794659899,0.04271669763341252
ILMN_2124757,-0.21399295186274525,0.006740424881399687,0.04276515352463946
ILMN_1710752,-0.23764401940196045,0.006744825585426152,0.04277246090179927
ILMN_1706959,-0.16279515938235178,0.006749497449738983,0.042781479983540545
ILMN_1811301,-0.2527824934803924,0.00675389156510531,0.04278873072887941
ILMN_2042941,-0.18993125774509778,0.006761301174073036,0.04281506972422872
ILMN_1760338,0.17151365835294463,0.0067781476598821385,0.04288919176716114
ILMN_1796177,-0.20762632291176253,0.006779522071208684,0.04288919176716114
ILMN_1705064,0.2127177227451007,0.006789215982974846,0.042893275308610285
ILMN_1778734,-0.19704348357843138,0.006789941947827104,0.042893275308610285
ILMN_1661293,0.12436734389215687,0.006789482533493254,0.042893275308610285
ILMN_1878029,-0.21516421462744972,0.006800707424695198,0.042940677815881186
ILMN_2222750,-0.27620111240196277,0.006818766774673396,0.04301344733520616
ILMN_2056551,-0.12060683445097986,0.0068182278869127425,0.04301344733520616
ILMN_2241775,-0.11412312888235121,0.006830950485155275,0.04306966625338563
ILMN_2307656,0.1616943387254901,0.006838065182858544,0.0430938861332373
ILMN_2374244,-0.23419000263725742,0.006845363429760083,0.0431192390204744
ILMN_1681695,0.1585982795686265,0.006857735933216063,0.04315587646309248
ILMN_2320250,-0.12974303291176348,0.006854836570008468,0.04315587646309248
ILMN_1657011,-0.17816630527450972,0.006870407380972676,0.043171425013934325
ILMN_1757627,-0.1665231439901964,0.00687332372420861,0.043171425013934325
ILMN_1735658,-0.1923501845980402,0.0068701749147091215,0.043171425013934325
ILMN_1776188,0.3341969924901971,0.006871701258491824,0.043171425013934325
ILMN_3266666,-0.16364106672549283,0.006883549687198793,0.04321503654362046
ILMN_1813489,0.18905863355882158,0.006887297303630678,0.04321795471987505
ILMN_1685140,-0.15612339188235236,0.006894542968562531,0.043225420309551996
ILMN_1722838,-0.14988006836274437,0.006901620470237622,0.043225420309551996
ILMN_2118864,0.1721261725000005,0.006897610451648608,0.043225420309551996
ILMN_1741032,0.1804029221568637,0.0069004960543107416,0.043225420309551996
ILMN_1814526,-0.12887452551960799,0.006905581442517006,0.043229662240007787
ILMN_2363106,0.1631603108431401,0.006916987441102522,0.04327804097172196
ILMN_1800447,0.1173278146764698,0.006919884257157214,0.04327804097172196
ILMN_2337789,0.2029301419313727,0.006924353501151101,0.0432854291750495
ILMN_1675186,0.12294238040195893,0.006946313656309065,0.043366646264066916
ILMN_1741477,0.1051080960980384,0.0069417258803994505,0.043366646264066916
ILMN_1788017,0.20937385835294098,0.006947228026655308,0.043366646264066916
ILMN_1798533,-0.178991968970589,0.006972586950469565,0.0435043162099203
ILMN_2396672,-0.23355707311764906,0.00698492263548729,0.04356063784755574
ILMN_1752947,0.12389556520588219,0.006998132321406777,0.04360728399546226
ILMN_1747204,0.14902142544117591,0.006999027047657559,0.04360728399546226
ILMN_1663160,-0.17325818766666679,0.007008258827466266,0.04364414733377171
ILMN_3245403,-0.10013125254901922,0.007020843291098393,0.04370184488288906
ILMN_1660840,-0.10783640440195974,0.007050357799941948,0.04378205680954516
ILMN_1657796,-0.21935497347058686,0.007046309371797528,0.04378205680954516
ILMN_1751258,-0.15109830021568627,0.007048305161267338,0.04378205680954516
ILMN_1713751,0.2309090586764686,0.007046085538624752,0.04378205680954516
ILMN_2322842,-0.12458191822549125,0.007045673404787446,0.04378205680954516
ILMN_1762713,0.374115990784313,0.0070592431170579464,0.043816565599277636
ILMN_3227563,-0.17336840685294064,0.007070545907303419,0.04386167652484737
ILMN_3278132,-0.18324244012744995,0.0070765059581295725,0.04386167652484737
ILMN_1694399,-0.13193838176470685,0.007076489013939312,0.04386167652484737
ILMN_2064655,-0.14154097683333244,0.007094026595446491,0.04394958123720144
ILMN_1717934,-0.17891335318627632,0.00710617626911082,0.04398458065008044
ILMN_1694587,-0.19636836872549068,0.007106357997927923,0.04398458065008044
ILMN_1706706,-0.10860147666666542,0.007116020017171368,0.04398932831511072
ILMN_1743032,0.1722871606862757,0.007117149207078301,0.04398932831511072
ILMN_1659782,0.12675220129411802,0.00711416979766219,0.04398932831511072
ILMN_1665559,-0.11252551059803917,0.0071208742153316155,0.04399169828476805
ILMN_2139943,-0.14486236901961114,0.007132991487975632,0.044006744534307175
ILMN_1730007,0.17274557440196237,0.007133337853111395,0.044006744534307175
ILMN_3224290,-0.1357302365882349,0.007128281767855052,0.044006744534307175
ILMN_3241091,0.26823412972549043,0.007140255720293185,0.04402878995674931
ILMN_1676515,0.18279373051960945,0.007159148070240065,0.044103970212779814
ILMN_1819608,-0.17696082035294136,0.007156814082796074,0.044103970212779814
ILMN_2207419,-0.1404979690686261,0.007162733124904157,0.044105417020282145
ILMN_1788024,-0.1689473535392132,0.007167527498627534,0.04411430552568092
ILMN_1676358,0.19779601126470503,0.00718802590709921,0.044219794891103316
ILMN_1739885,-0.18404415237254756,0.007222115248039089,0.04433496166809743
ILMN_2313856,0.17998248628431224,0.0072235847153869345,0.04433496166809743
ILMN_1708369,0.15808325493137332,0.007218571755921548,0.04433496166809743
ILMN_1711832,0.3366671506274508,0.0072194035833520786,0.04433496166809743
ILMN_1689665,-0.1993309628921578,0.007214461009073754,0.04433496166809743
ILMN_3286685,-0.15902087638235418,0.007244335725671309,0.04444160290235917
ILMN_1655765,-0.17468312680392106,0.007250454657347139,0.044458423644143034
ILMN_1666635,-0.12153895568627604,0.007260950387628628,0.044502053935349575
ILMN_1814789,0.1408673335196058,0.007272375479332478,0.04455133698716244
ILMN_2348403,0.22215887839215753,0.0072786538134333115,0.04456905928086026
ILMN_1663799,-0.10045450215686458,0.007287238022116433,0.04458015267712028
ILMN_1686954,-0.09690341578431294,0.007285081062726748,0.04458015267712028
ILMN_3209676,-0.20450747034313643,0.007292735016327168,0.044593059215024225
ILMN_1798619,0.2224567479607833,0.007320490197660531,0.04459836550939347
ILMN_2402806,0.14694645387254912,0.007319222818327899,0.04459836550939347
ILMN_2371700,-0.137939474362744,0.007311818250498,0.04459836550939347
ILMN_2216838,-0.1394824500588232,0.007298718770110754,0.04459836550939347
ILMN_1659990,0.19148206915686128,0.007320703977652813,0.04459836550939347
ILMN_1739274,-0.13148971823529365,0.007313861730216183,0.04459836550939347
ILMN_1691559,0.18338177956862722,0.007311435215002193,0.04459836550939347
ILMN_1713603,0.1538860418235295,0.007308937483522949,0.04459836550939347
ILMN_1657722,-0.11270494754902138,0.007345674327482806,0.04472978840023642
ILMN_3201221,-0.19341919359803939,0.00734952025869501,0.044732516969819607
ILMN_1905548,-0.18439049493137283,0.007359384027895456,0.04477185338597212
ILMN_2313782,-0.11402810196078494,0.0073645752344287056,0.04478274039780781
ILMN_2404625,-0.23704323986274556,0.007378141381457191,0.04480315096258483
ILMN_1808047,0.3020793908333337,0.007376919456211297,0.04480315096258483
ILMN_2398039,-0.11784278449999963,0.007371589920270828,0.04480315096258483
ILMN_1703441,-0.17280216282352967,0.007383328604083595,0.044813979286657694
ILMN_1738150,-0.15806355925490045,0.007405749575665693,0.044908656454923465
ILMN_1789596,0.1374486519215683,0.007402952471177727,0.044908656454923465
ILMN_2320513,0.1469486983627446,0.007421863249533593,0.044985649023991596
ILMN_1795835,0.2426811359411758,0.007432890814505282,0.04502348336690719
ILMN_1678766,0.20753517119607778,0.0074349451454353375,0.04502348336690719
ILMN_1657547,-0.21836002063725424,0.007445242454290742,0.045023710110582274
ILMN_1652753,-0.1820829252352949,0.007440903187888941,0.045023710110582274
ILMN_1661002,0.14616870617647137,0.007442134461878393,0.045023710110582274
ILMN_2155228,0.14141369275490234,0.007448841023719192,0.045024789750809535
ILMN_2073184,-0.3259080122941178,0.0074622141367749854,0.04508492386904207
ILMN_2110167,-0.17894186822548885,0.007486598327788762,0.045190768906620375
ILMN_1697166,-0.13157966314705938,0.007483260691685781,0.045190768906620375
ILMN_1781468,0.23663069879411847,0.007492263337237432,0.04520423777943666
ILMN_2211780,-0.21453107372548974,0.007499153007171237,0.04522507986230386
ILMN_1655177,-0.1487189164607834,0.007506103635467165,0.04524627031177895
ILMN_2074762,-0.38259050310784204,0.007514357831802745,0.04527529558612501
ILMN_1682165,0.1457111885196074,0.007523597462535988,0.045289511017049054
ILMN_2397028,0.17333464361764772,0.007522009490001829,0.045289511017049054
ILMN_1706217,0.27839670186274557,0.007536859417534263,0.04534860796701946
ILMN_1776778,-0.20617528633333215,0.007553816161338963,0.04542987197991204
ILMN_1676005,0.17034062148039375,0.007563264567696212,0.045465926042794806
ILMN_3247882,-0.13387210868627264,0.007619071903976715,0.045778378714208465
ILMN_2415572,0.14904798710784295,0.007622195681089628,0.045778378714208465
ILMN_1658962,0.16475443807842982,0.0076307300996243934,0.045808737693367595
ILMN_3207122,-0.14398259461764784,0.007640638555995859,0.045834834825237245
ILMN_3243664,-0.19800180335293938,0.007642040443706475,0.045834834825237245
ILMN_1705247,-0.1364609683039193,0.007648015141647902,0.045849781120125055
ILMN_2056167,-0.17538631296078488,0.007654000819319328,0.045864779602339076
ILMN_2120022,0.18471605176470618,0.007660519508491752,0.04588295692870515
ILMN_1733515,0.18009286665686286,0.007677616506304526,0.045943555138863224
ILMN_1766487,0.20042898578431423,0.007675340616541636,0.045943555138863224
ILMN_3235065,-0.18177682282353125,0.007705491872638464,0.04608941413143361
ILMN_3284114,0.11755160609803816,0.007729998753277939,0.04618307798102905
ILMN_1802205,0.21670656875490213,0.00772732176078666,0.04618307798102905
ILMN_1734231,-0.10912729395097998,0.007731675189531943,0.04618307798102905
ILMN_1659415,0.1546666703627455,0.007750618776559413,0.04623404718315247
ILMN_1700515,0.13232567184313648,0.007750743800472276,0.04623404718315247
ILMN_2387599,0.14651260686274448,0.0077476454473118335,0.04623404718315247
ILMN_1696394,0.2781530215784329,0.00775951274955658,0.046244447871395374
ILMN_1740265,-0.16848805487254914,0.007758749088892825,0.046244447871395374
ILMN_1732089,-0.21964391442156916,0.007793061098963808,0.04636779915471486
ILMN_1756501,-0.17382253854901997,0.007797820533880646,0.04636779915471486
ILMN_1731589,0.2240496498921578,0.007797196444079171,0.04636779915471486
ILMN_1693650,0.17124855158823404,0.007790769107802998,0.04636779915471486
ILMN_1731233,-0.4223932760392177,0.007787396973475366,0.04636779915471486
ILMN_2395373,-0.1692385023921581,0.007815198756169773,0.046450154232494385
ILMN_1718621,-0.196032915941176,0.007819826996433661,0.046456688812296545
ILMN_1721876,0.1719914728039207,0.007832561165656267,0.04651135216322271
ILMN_1723662,0.24778980683333351,0.00785313777187885,0.046612515223978836
ILMN_1810418,0.2956517964705876,0.007857837894532432,0.0466193942683729
ILMN_1900270,-0.31118808254902053,0.007865041335917651,0.04662011219601796
ILMN_2323491,-0.15894385925490084,0.007863948808410173,0.04662011219601796
ILMN_3249624,-0.1816015193627445,0.007878889085002784,0.0466811767795057
ILMN_2048793,-0.09460530735294093,0.007885289229290939,0.046698080388490874
ILMN_1654543,-0.0962910691862735,0.0078929283666359,0.04672230303361583
ILMN_2052891,0.16587699060784367,0.007909316724678836,0.0467982717664705
ILMN_1740160,-0.27225250472549156,0.007935791133376774,0.046804417899499795
ILMN_1676280,0.1661321379607852,0.007925772723933855,0.046804417899499795
ILMN_3219643,-0.20817252191176472,0.007938797202399015,0.046804417899499795
ILMN_1827623,-0.18677453137254751,0.007927700702624175,0.046804417899499795
ILMN_1764383,0.15672823938235325,0.007927007464858181,0.046804417899499795
ILMN_1747857,-0.1441473345882356,0.007919656538712285,0.046804417899499795
ILMN_2227495,0.14329473235294365,0.00793631907329961,0.046804417899499795
ILMN_1721106,0.17942891359803959,0.00793365199342402,0.046804417899499795
ILMN_1751571,-0.1521926809705887,0.007966462631486527,0.046944189769597494
ILMN_2415949,0.12274947258823499,0.007969636470569723,0.046944189769597494
ILMN_1726928,-0.32895473722548907,0.007983878789300836,0.04700705020623681
ILMN_3283015,-0.16269007014705839,0.007988174372273407,0.04701131676843067
ILMN_1700855,0.35347720918627523,0.00801138598542339,0.0471268527694812
ILMN_2121816,0.1982591430098024,0.008031649441394933,0.04718761419924211
ILMN_3237941,0.21351572992156953,0.008036052490292505,0.04718761419924211
ILMN_1678004,-0.13306384478431443,0.008026994105832708,0.04718761419924211
ILMN_1692834,0.16374613047058872,0.0080349396597648,0.04718761419924211
ILMN_1807529,0.25726667350980215,0.008054113656107217,0.04723726605163969
ILMN_1795911,-0.16673491190196277,0.00805955927481676,0.04723726605163969
ILMN_3228595,-0.12346916709804034,0.008056159035160928,0.04723726605163969
ILMN_1694530,-0.0855211697843119,0.008062448675885635,0.04723726605163969
ILMN_1671291,-0.13196890311764609,0.008054537265479772,0.04723726605163969
ILMN_3227732,-0.16730715970587973,0.008067505757430727,0.0472458689041706
ILMN_1794046,-0.14479427012745116,0.00807872683524565,0.04729054636994619
ILMN_1694367,-0.15527077799999756,0.008090455600356991,0.047338154657199906
ILMN_1718988,0.11130093460784352,0.008096245629617464,0.04735098787823808
ILMN_3238283,-0.236553607852942,0.008124973971002423,0.04749790511911497
ILMN_1790100,0.20209795407843156,0.008130968554908602,0.0475118513206266
ILMN_1730572,-0.20020017508823607,0.008170117569269575,0.04771943114438064
ILMN_1739257,-0.15421521127451143,0.008173789098828294,0.0477197044284144
ILMN_1684210,-0.168007032980392,0.00820399555544321,0.04787482335434834
ILMN_3238511,0.23020191681372637,0.008225249690764987,0.047977586255614116
ILMN_1740633,-0.3015011367549034,0.00824283060433045,0.04805884185385756
ILMN_2233050,-0.13670081955882551,0.008248593906184657,0.04807115483617575
ILMN_1815115,-0.13316555412744968,0.008258568291090241,0.048107987412479215
ILMN_3202734,-0.16498427963725426,0.0082723704078379,0.048145780910338616
ILMN_2155172,-0.1871887815686284,0.008268835855878136,0.048145780910338616
ILMN_1691539,-0.20705760775490312,0.008315149305349866,0.04833065810372229
ILMN_2403994,0.11670260947058964,0.008312467690221974,0.04833065810372229
ILMN_2402363,0.12951718606862794,0.008313099880041796,0.04833065810372229
ILMN_1698213,-0.16414766903921585,0.008322140264821825,0.048349945536795814
ILMN_1651899,-0.1256798989215664,0.008340201011629274,0.04843350080198473
ILMN_2038777,0.10677232372549028,0.008345316548234748,0.04844183966380532
ILMN_2270100,-0.22290745299019843,0.008361228943656122,0.04847576498354826
ILMN_1728887,0.12242496971568606,0.00836220754102834,0.04847576498354826
ILMN_1814313,0.1347503795980396,0.00835895847379487,0.04847576498354826
ILMN_1704472,-0.13881179716666647,0.008378034698890596,0.048503484779045036
ILMN_3246409,-0.21108789813725437,0.008376285405634055,0.048503484779045036
ILMN_2075440,-0.15739712500000014,0.008378042110713893,0.048503484779045036
ILMN_1741143,-0.24349045761764732,0.008393202427125889,0.04853805977865777
ILMN_3225634,-0.137724665392156,0.008392535410983925,0.04853805977865777
ILMN_1772929,-0.12100224231372536,0.008395074980326909,0.04853805977865777
ILMN_1778373,-0.17662570709803926,0.008419090689642455,0.048634194352410225
ILMN_1711585,0.21653298770588236,0.008418455702515325,0.048634194352410225
ILMN_1786388,-0.1296587175000008,0.008431165565170493,0.04866124272927205
ILMN_2361163,-0.1945449966666679,0.008427561154408266,0.04866124272927205
ILMN_2366710,-0.11866404156862931,0.008439377040843188,0.04868729129829122
ILMN_2230566,-0.14673087368627336,0.008446847124349713,0.04870904178364607
ILMN_1781099,0.10043751072549156,0.008460601594268029,0.0487669964923549
ILMN_2402947,-0.14133017015686455,0.008468865750988305,0.04879326810142715
ILMN_1666552,-0.1755452690294117,0.00847317336931707,0.048796731149194764
ILMN_1708340,0.1999252052254903,0.008481047885991353,0.04882072383868656
ILMN_3243700,-0.1486247397058822,0.008492901861353371,0.04886759309646727
ILMN_3208715,-0.2621849282450972,0.008496906534841005,0.048869276772032254
ILMN_1693136,-0.11977021351960637,0.008508649315766049,0.048915444647187785
ILMN_1727458,-0.11850078644117801,0.0085370833181661,0.04905748663625347
ILMN_1657837,-0.12421969390196175,0.008553853540243867,0.049132409187308254
ILMN_1811957,-0.1476075255980387,0.008591729051064874,0.049295951811984394
ILMN_2359789,0.09621488466666506,0.00859612905482791,0.049295951811984394
ILMN_1782991,0.16167790897058953,0.008597303863297847,0.049295951811984394
ILMN_2215862,-0.21150267865686168,0.008589499675061918,0.049295951811984394
ILMN_2152402,0.12807067316666743,0.008618758150351092,0.049322865574876314
ILMN_1719498,-0.17367338413725353,0.008615091368361348,0.049322865574876314
ILMN_1740903,-0.135758728117648,0.00862317878462516,0.049322865574876314
ILMN_1670809,0.15755788216666744,0.008615587964700255,0.049322865574876314
ILMN_1673753,-0.1889669274803918,0.008623140483868533,0.049322865574876314
ILMN_3219806,0.16335610810784296,0.008624476760605035,0.049322865574876314
ILMN_2185984,0.29349412543137365,0.008657642536384033,0.04949103950998515
ILMN_1806818,-0.17324182222548945,0.00866508214714712,0.04951100576651501
ILMN_1792689,0.2754342836666641,0.00866865691544376,0.04951100576651501
ILMN_1792518,0.1484062373137247,0.00867519061801765,0.04952683629063415
ILMN_1669433,0.12513948577451117,0.008683683214988039,0.04955383161045407
ILMN_1799856,-0.16010534391176456,0.008704223420249105,0.0496090707551655
ILMN_2368530,-0.29859806014705814,0.008715972704648522,0.0496090707551655
ILMN_1730575,-0.13443460793137163,0.008705919474141118,0.0496090707551655
ILMN_3287493,-0.14414651237254894,0.008714944351482198,0.0496090707551655
ILMN_1697469,-0.15313985371568783,0.008703593467136317,0.0496090707551655
ILMN_1699100,0.1685377851372527,0.00871155164529839,0.0496090707551655
ILMN_1665049,0.09455151801960593,0.008725215612393927,0.049618774746076046
ILMN_1773850,0.1234136122549021,0.008721932511201898,0.049618774746076046
ILMN_2205032,-0.2059414038823526,0.00873231911180429,0.049637729320770076
ILMN_2093500,-0.12334753938235288,0.008743194367248366,0.04967809833613498
ILMN_1656413,0.1197598206372561,0.008751293811859207,0.04970266739996828
ILMN_1659753,0.2517827884019628,0.008766928139775133,0.04976999092718397
ILMN_1785113,0.11417954697058708,0.008771196054136808,0.04977275691927202
ILMN_1778236,-0.11796489256862763,0.00878180265396192,0.04981147433839236
ILMN_2224143,-0.098401567088235,0.008806048282281596,0.049927487354107326
